id,mesin,value,created_at,next_processes,std_mp,std_ct,stroke_ratio,harga_pcs,alias_values
a1664321-7e6e-45d8-a1de-eb201fb7e543,pc200t,889FI-SH803S,2026-07-17 06:35:11.487156+00,[],null,0.20500000000000002,1,34369.12,[]
c2910d7e-4a63-40e7-9dae-fb99177d4da7,pc200t,889FI-SH804S,2026-07-17 06:35:11.487156+00,[],null,0.2025,1,28681.65,[]
722f3949-3271-4ae6-9059-02cce46ddd98,tandem,46514/5-77M00,2026-07-17 06:35:11.487156+00,[],null,null,1,null,[]
78360542-775c-4de3-a6f0-df07f237b7cd,tandem,46541/2-77M00,2026-07-17 06:35:11.487156+00,[],null,null,1,null,[]
330a0525-ac11-4492-9e06-7da85391c158,tandem,46543/4-77M00,2026-07-17 06:35:11.487156+00,[],null,null,1,null,[]
a3fa839a-32fe-4a8c-a757-19bbf91f392d,tandem,57621/2-VT020,2026-07-17 06:35:11.487156+00,[],null,null,1,null,[]
a704001d-1876-4b6b-885a-1dedd4761d97,blanking,46514/5-77M00-BL,2026-07-17 06:35:11.487156+00,"[{""line"":""tandem"",""part_number"":""46514/5-77M00""}]",null,0.06714285714285714,1,26058.03,[]
575ccf29-89c8-4344-89c3-bd2218f213b8,tandem,61233-KK010,2026-07-17 06:35:11.487156+00,[],null,null,1,null,[]
e1598652-64cc-4f72-abac-0bd012a2d689,tandem,61233/4-0D340-001,2026-07-17 06:35:11.487156+00,[],null,null,1,null,[]
9645be0c-1e09-4442-aa0b-2b71a7327881,tandem,61415/6-0D120,2026-07-17 06:35:11.487156+00,[],null,null,1,null,[]
d6aa321f-07dd-44dc-93c9-27d133c9b6bd,tandem,62114/314-73R00,2026-07-17 06:35:11.487156+00,[],null,null,1,null,[]
52f8a684-708d-408e-be6d-0e2c95f01954,tandem,62115/315-73R00,2026-07-17 06:35:11.487156+00,[],null,null,1,null,[]
8d6cdd0f-ef07-4ba0-855a-6a1980e631c9,tandem,62118/318-73R00,2026-07-17 06:35:11.487156+00,[],null,null,1,null,[]
426a56bf-6f3f-4fbc-98cf-c652cd2e7751,tandem,62211/411-73R00,2026-07-17 06:35:11.487156+00,[],null,null,1,null,[]
b4dd17d5-6443-4cae-99e0-31f3e213a905,blanking,53735-VT020-BL,2026-07-17 06:35:11.487156+00,"[{""line"":""transfer_2000t"",""part_number"":""53735-VT020-001""}]",null,0.043333333333333335,1,36207.24,[]
2644d771-4a9c-4cc9-8966-d355e95c65fb,pc200t,889FI-SH804S-D,2026-08-04 03:46:50.342859+00,[],null,0.1,1,null,[]
a6a0cf61-9c0e-4294-8196-c13be16b52ef,tandem,74U50-FLP01S,2026-07-17 06:35:11.487156+00,[],null,null,1,null,[]
86822b20-a8d0-49ec-9c37-3fb955cca31a,tandem,74U50-SH407S/408S,2026-07-17 06:35:11.487156+00,[],null,null,1,null,[]
781a72de-cfa8-4297-8800-d449ea79d97c,blanking,53322-0D080-BL,2026-07-22 03:29:50.645646+00,[],null,null,1,24051.12,[]
038692a3-b49e-4d73-be33-7216125af3d5,blanking,53322-0D090-BL,2026-07-22 03:29:50.645646+00,[],null,null,1,26717.88,[]
08a151ce-3996-41b5-ac9c-b6cc06279fba,tandem,DAND0RI,2026-07-17 06:35:11.487156+00,[],null,null,1,null,[]
68d36d91-5635-4765-a16c-6a802892f100,tandem,DEGREASING FLANGE,2026-07-17 06:35:11.487156+00,[],null,null,1,null,[]
166aa8ae-b047-41f0-97f1-59db0efaca17,tandem,KAIZEN,2026-07-17 06:35:11.487156+00,[],null,null,1,null,[]
2025fe3d-031b-4f7f-b04f-875d9c0e0a44,tandem,PREPARE DIES TANDEM LAMA,2026-07-17 06:35:11.487156+00,[],null,null,1,null,[]
a3f3dd05-804e-4e09-861e-77baadeaf4dd,tandem,SERVICE PART,2026-07-17 06:35:11.487156+00,[],null,null,1,null,[]
201a47e9-f382-467e-827e-34d62cf75955,tandem,STOP LINE TERENCANA,2026-07-17 06:35:11.487156+00,[],null,null,1,null,[]
1a8fabf0-c806-472a-8399-635d2a34e755,tandem,SUPPORT PROD PA 7 DAN PA 9,2026-07-17 06:35:11.487156+00,[],null,null,1,null,[]
c18e7e41-8dfa-4584-baeb-f9be663615ec,tandem,TRAINING,2026-07-17 06:35:11.487156+00,[],null,null,1,null,[]
795de702-38cd-445e-87c3-bf21fb34e56c,tandem,61122-KK010-001-TDM,2026-08-04 03:46:50.342859+00,[],null,0.375,1,null,[]
d06b637b-1d23-4eaf-bec5-8066a275393f,blanking,61173/4-KK020-001,2026-07-17 06:35:11.487156+00,[],null,null,1,null,[]
c607064b-3814-455a-8aa9-5e744197e5a4,blanking,62112/312-73R00,2026-07-17 06:35:11.487156+00,[],null,null,1,null,[]
82704c6f-a29b-456f-8244-36a29a31217e,blanking,62122/322-73R00,2026-07-17 06:35:11.487156+00,[],null,null,1,null,[]
961158eb-c441-4236-be2e-5bfe1794cd16,blanking,57695/6-VT020,2026-07-17 06:35:11.487156+00,[],null,null,1,null,[]
63733c79-8557-4878-ba1c-0a282508a6d9,blanking,61233/4-KK010-BL,2026-07-17 06:35:11.487156+00,"[{""line"":""transfer_800t"",""part_number"":""61233-KK010""},{""line"":""transfer_800t"",""part_number"":""61234-KK010""}]",null,null,1,null,[]
87a8358a-89ae-4164-9e8f-0a41756a2ca5,blanking,62133/333-73R00-BL,2026-07-17 06:35:11.487156+00,"[{""line"":""tandem"",""part_number"":""62133-73R00""},{""line"":""tandem"",""part_number"":""62333-73R00""}]",null,null,1,null,[]
2f763da8-6b06-49f6-8ade-e768a5a96411,blanking,53322-0D120-BL,2026-07-22 03:29:50.645646+00,[],null,null,1,21563.04,[]
9e1e0fab-bcd5-4493-b96c-b4242d70d802,blanking,53322-0D150-BL,2026-07-22 03:29:50.645646+00,[],null,null,1,20229.66,[]
56c78e22-735f-41fa-8578-4b7f86b5c030,blanking,53324-0D160-BL,2026-07-22 03:29:50.645646+00,[],null,null,1,13269.64,[]
bdb4e44c-2fc2-4033-9505-8e4f6c6be98b,blanking,53324-0D190-BL,2026-07-22 03:29:50.645646+00,[],null,null,1,13490.37,[]
a025d361-e01e-4d0a-a075-310713ab2fb9,tandem,61233-KK010-TDM,2026-08-04 03:46:50.342859+00,[],null,0.3243243243243243,1,null,[]
0ec77e11-5eae-49ff-9032-a124f651dc1f,blanking,53723/4-0D060-BL,2026-07-22 03:29:50.645646+00,[],null,null,1,22079.11,[]
81a75930-28c2-4d55-9b48-974763c64e5a,blanking,53727-0D090-BL,2026-07-22 03:29:50.645646+00,[],null,null,1,26034.96,[]
97be1ca6-b106-4056-bfb2-fe26760e62e5,blanking,D41EI-CA006S-904-BL,2026-07-17 06:35:11.487156+00,[],null,null,1,null,[]
540f6c96-0dc7-4e2c-8ed9-477ec1ee6e9a,tandem,67175/6-0D110/100-TDM,2026-07-17 06:35:11.487156+00,[],null,0.3243243243243243,1,null,[]
c1a6a703-33aa-4b55-8701-bd785c9a1235,tandem,67177-0D010-TDM,2026-08-04 03:46:50.342859+00,[],null,0.375,1,null,[]
00955abf-c7e9-4ad5-a766-ac7524b02066,tandem,67178-0D010-TDM,2026-08-04 03:46:50.342859+00,[],null,0.375,1,null,[]
9f0adaaa-379f-462b-a641-1a909d7ebb77,tandem,67188/9-0D090/70-TDM,2026-07-17 06:35:11.487156+00,[],null,0.3243243243243243,1,null,[]
1a3975fa-5d4a-4cd7-b94b-3de9be8fb4f0,transfer_2000t,53723/4-0D060,2026-07-17 06:35:11.487156+00,[],null,null,1,null,[]
2ccdc568-e129-4a42-a519-8dfebb1ca050,transfer_2000t,53731/2-VT020-001,2026-07-17 06:35:11.487156+00,[],null,null,1,null,[]
71451036-12a0-4dcb-8281-f2946f760178,transfer_2000t,55713/4-0D200,2026-07-17 06:35:11.487156+00,[],null,null,1,null,[]
8f04ae8a-65a5-46df-80c1-b9476364c55a,blanking,53721/2-0D070/60-001-BL,2026-07-17 06:35:11.487156+00,"[{""line"":""tandem"",""part_number"":""53721/2-0D070/60-001""}]",null,0.025,0.5,28680.56,[]
3a2e4cc1-e00a-44c1-a027-6a8bbc9d034d,blanking,57621/2-VT020-BL,2026-07-17 06:35:11.487156+00,"[{""line"":""transfer_800t"",""part_number"":""57621/2-VT020-001""}]",null,0.060000000000000005,1,43581.93,[]
4a972f6b-2b90-4b6a-9dbb-638867cd25a2,transfer_2000t,57197/8-0D060,2026-07-17 06:35:11.487156+00,[],null,null,1,null,[]
21cf52fd-42ab-4535-ab7c-bef8df7d0d86,transfer_2000t,57221/2-0D090/080-001,2026-07-17 06:35:11.487156+00,[],null,null,1,null,[]
8976e484-c332-4376-9687-a165e37acc13,transfer_2000t,57488/9-0D040,2026-07-17 06:35:11.487156+00,[],null,null,1,null,[]
506d9e43-6410-4cb3-9f79-4b5b810cba3a,transfer_2000t,58227/8-0D070-001,2026-07-17 06:35:11.487156+00,[],null,null,1,null,[]
d7d28ca1-e83f-4329-80a7-335a62d95dc6,transfer_2000t,61121/2-0D220-001,2026-07-17 06:35:11.487156+00,[],null,null,1,null,[]
739afe1d-06d3-411c-897c-d3dfdfb5e0fd,transfer_2000t,61137/8-0D160-001,2026-07-17 06:35:11.487156+00,[],null,null,1,null,[]
663b3db3-aaae-4ba2-829c-385804b1b6df,transfer_2000t,61137/8-KK010,2026-07-17 06:35:11.487156+00,[],null,null,1,null,[]
12b8e7fa-986b-43f3-bbbb-12b513e493ee,transfer_2000t,61145/6-KK010,2026-07-17 06:35:11.487156+00,[],null,null,1,null,[]
93716386-7365-4fc8-8c9e-96abd5e33c3d,transfer_2000t,61231/2-BZ370/360,2026-07-17 06:35:11.487156+00,[],null,null,1,null,[]
f6d0ca48-e233-4d79-b5ce-f3acdafeaf8f,transfer_2000t,61233/4-BZ140/130-001,2026-07-17 06:35:11.487156+00,[],null,null,1,null,[]
7fe9d5f8-f569-47e7-b787-38387128f1c9,transfer_2000t,61337/8-BZ140/120,2026-07-17 06:35:11.487156+00,[],null,null,1,null,[]
d0df8a1a-a01f-4465-bbb3-9a1ca529c624,transfer_2000t,61671/2-0D080,2026-07-17 06:35:11.487156+00,[],null,null,1,null,[]
636ca9e6-cd78-4292-8bb8-1e9ce38b7f5e,transfer_2000t,67121/2-0D160,2026-07-17 06:35:11.487156+00,[],null,null,1,null,[]
3b2d6c69-1ef7-4072-b30c-ebea5400a24c,transfer_2000t,67121/2-0D200,2026-07-17 06:35:11.487156+00,[],null,null,1,null,[]
b84e960d-bad8-4f86-8a73-8e93402daf19,transfer_2000t,67125/6-0D140,2026-07-17 06:35:11.487156+00,[],null,null,1,null,[]
0ee748f7-c006-4cc7-b531-156215444468,transfer_2000t,67125/6-0D190,2026-07-17 06:35:11.487156+00,[],null,null,1,null,[]
0a8b8ab3-8d11-4c1a-88f1-d738a3d4422c,transfer_2000t,67337/8-0D130-001,2026-07-17 06:35:11.487156+00,[],null,null,1,null,[]
2026b2d8-a5fc-45a8-9e2f-ccbd3e26dd94,transfer_800t,57315/6-VT020,2026-07-17 06:35:11.487156+00,[],null,null,1,null,[]
5fed9bbe-6ff7-4bf5-adde-25728daaf0c3,transfer_800t,67175/6-KK010,2026-07-17 06:35:11.487156+00,[],null,null,1,null,[]
34492f55-57aa-4830-afea-d2d2aa97f906,transfer_800t,67337/8-KK030,2026-07-17 06:35:11.487156+00,[],null,null,1,null,[]
94a097f5-e82e-4cb5-9e12-48608851e0e3,blanking,45811-67L80-001-BL,2026-07-17 06:35:11.487156+00,"[{""line"":""transfer_2000t"",""part_number"":""45811-67L80-001""}]",null,0.043333333333333335,1,132258.41,[]
f575513c-da74-4c32-8296-834e8de129a5,blanking,45812-67L80-BL,2026-07-17 06:35:11.487156+00,"[{""line"":""transfer_2000t"",""part_number"":""45812-67L80""}]",null,0.05,1,147265.92,[]
04759c71-085b-40cd-8c85-e6246e12118e,blanking,53728-0D100-BL,2026-07-22 03:29:50.645646+00,[],null,null,1,26034.96,[]
c2f1a55f-f88f-4d8a-b3a2-12ad0d7a131b,blanking,53731/2-VT020-BL,2026-07-17 06:35:11.487156+00,"[{""line"":""transfer_2000t"",""part_number"":""53731/2-VT020-001""}]",null,0.060000000000000005,1,35361.83,[]
1fbf5619-34f0-4d90-be02-6030b11edec3,transfer_800t,STOP LINE TERENCANA,2026-07-17 06:35:11.487156+00,[],null,null,1,null,[]
742771ae-bbe9-4b27-99ec-33bf3234503a,transfer_800t,TRAINING,2026-07-17 06:35:11.487156+00,[],null,null,1,null,[]
51e17fd9-bfb2-40e2-ac0f-2bd861d70be3,transfer_800t,TRIAL NEW PROJECTS,2026-07-17 06:35:11.487156+00,[],null,null,1,null,[]
93221d51-7328-43ac-8e10-2e02b061333d,pc200t,MATI LISTRIK,2026-07-17 06:35:11.487156+00,[],null,null,1,null,[]
510df5c0-8bc8-4216-97d7-b889714a73b5,pc200t,NO MP,2026-07-17 06:35:11.487156+00,[],null,null,1,null,[]
4c32d3a5-873f-4c55-b96d-bebbaeb1df93,pc200t,STOP LINE TERENCANA,2026-07-17 06:35:11.487156+00,[],null,null,1,null,[]
dec3fc83-7adf-4bd9-adef-147f8f72b5ab,blanking,61212-KK010-BL,2026-07-22 03:29:50.645646+00,[],null,0.05,1,35769.56,[]
73c2bd81-1b74-44a1-ad60-d41dad672049,blanking,61343/4-0D230-001-BL,2026-07-17 06:35:11.487156+00,"[{""line"":""transfer_2000t"",""part_number"":""61343-0D230-001""},{""line"":""transfer_2000t"",""part_number"":""61344-0D230-001""}]",null,null,1,null,[]
b1a67149-8b29-40c6-9eb0-c6409e7f3656,blanking,53741/2-VT020-BL,2026-07-17 06:35:11.487156+00,"[{""line"":""transfer_800t"",""part_number"":""53741-VT020-001""},{""line"":""transfer_800t"",""part_number"":""53742-VT020-001""}]",null,null,1,null,[]
1f1e53cc-4c62-40f2-931c-f1a8ab0e5a04,blanking,57771/2-VT020-BL,2026-07-17 06:35:11.487156+00,"[{""line"":""transfer_800t"",""part_number"":""57771-VT020-001""},{""line"":""transfer_800t"",""part_number"":""57772-VT020-001""}]",null,null,1,null,[]
2701cba9-77f5-4d70-a144-4338f0d5d088,blanking,61135/6-0D110-001-BL,2026-07-17 06:35:11.487156+00,"[{""line"":""tandem"",""part_number"":""61135-0D110-001""},{""line"":""tandem"",""part_number"":""61136-0D110-001""}]",null,null,1,null,[]
4f2da069-c641-4695-85cc-5e3421c9bdef,blanking,61141/2-KK010-001-BL,2026-07-17 06:35:11.487156+00,"[{""line"":""tandem"",""part_number"":""61141-KK010-001""},{""line"":""tandem"",""part_number"":""61142-KK010""}]",null,null,1,null,[]
fbf1df83-446f-4825-a9f3-3a2d6a94c675,blanking,61161/2-KK010-001-BL,2026-07-17 06:35:11.487156+00,"[{""line"":""tandem"",""part_number"":""61161-KK010-001""},{""line"":""tandem"",""part_number"":""61162-KK010-001""}]",null,null,1,null,[]
8fb4615e-edc6-458e-9051-9d93cc757e65,tandem,53721/2-0D070/60-001,2026-07-18 02:51:24.95769+00,[],null,null,1,null,[]
90d27cf9-ba4b-4688-9ef3-3f8caccfaf6f,blanking,61231/2-0D180-001-BL,2026-07-18 02:52:38.980662+00,"[{""line"":""tandem"",""part_number"":""61231-0D180-001""},{""line"":""tandem"",""part_number"":""61232-0D180-001""}]",null,null,1,null,[]
a0c1f011-8847-4f26-92e8-43cfae105d37,blanking,61231/2-KK040-001-BL,2026-07-17 06:35:11.487156+00,"[{""line"":""transfer_800t"",""part_number"":""61231-KK040-001""},{""line"":""transfer_800t"",""part_number"":""61232-KK040-001""}]",null,null,1,null,[]
66a941f1-84ae-440a-a8f8-01cbfea2ce2d,blanking,62121/321-73R00-001-BL,2026-07-17 06:35:11.487156+00,"[{""line"":""tandem"",""part_number"":""62121-73R00-001""},{""line"":""tandem"",""part_number"":""62321-73R00-001""}]",null,null,1,null,[]
b56836a2-3b88-4536-914b-da6b4f7b9fc2,transfer_800t,FMC TRAINING,2026-07-17 06:35:11.487156+00,[],null,null,1,null,[]
f821f02b-57b5-4d45-99a1-7bacb5beaa49,blanking,74U00-SH803S/804S-BL,2026-07-17 06:35:11.487156+00,"[{""line"":""transfer_800t"",""part_number"":""74U00-SH803S-001""},{""line"":""transfer_800t"",""part_number"":""74U00-SH804S-001""}]",null,null,1,null,[]
111ba4fc-6f8e-4b0c-afbc-42dbbec29209,blanking,74U50-SH403S/404S-BL,2026-07-17 06:35:11.487156+00,"[{""line"":""tandem"",""part_number"":""74U50-SH403S""},{""line"":""tandem"",""part_number"":""74U50-SH404S""}]",null,null,1,null,[]
47e0f156-83fa-4346-98d6-85e15107d9f3,blanking,53736-VT020-BL,2026-07-17 06:35:11.487156+00,"[{""line"":""transfer_2000t"",""part_number"":""53736-VT020-001""}]",null,0.043333333333333335,1,36460.81,[]
fc492a34-b75d-4ae9-8146-cc71c3f48712,blanking,53741-VT020-BL,2026-07-21 01:12:07.288115+00,[],null,0.021666666666666667,0.5,19313.21,[]
9c4eede6-28de-49b9-9fff-4a46b47180d2,blanking,889FI-CN505S-BL,2026-07-17 06:35:11.487156+00,"[{""line"":""transfer_800t"",""part_number"":""889FI-CN505S-001""}]",null,null,1,null,[]
6e585b0e-7582-4f8e-aaa0-234cb682fe91,blanking,55711-0D180,2026-07-22 03:29:50.645646+00,[],null,null,1,19290.23,[]
e6b30a3d-7806-44e5-a3f9-84458c708685,blanking,53742-VT020-BL,2026-07-21 01:12:07.288115+00,[],null,0.021666666666666667,0.5,19313.21,[]
338558e3-f7f9-4de2-a8c1-2d4d06f92b98,blanking,55712-0D160-001-BL,2026-07-22 03:29:50.645646+00,[],null,null,1,60349.51,[]
b13dd9e7-d6f7-4687-a375-74f8c3d01ae4,blanking,55713/4-0D150-BL,2026-07-22 03:29:50.645646+00,[],null,null,1,26154.21,[]
cfac9951-021b-4ef4-a6ab-84030fe1bcc3,blanking,55713/4-0D200-BL,2026-07-22 03:29:50.645646+00,[],null,null,1,19815.49,[]
e68b6684-b4e2-4558-b671-cbc7372826ca,blanking,55717-0D150,2026-07-22 03:29:50.645646+00,[],null,null,1,10034.24,[]
11f7432a-0e7f-4a1a-ab06-914b13a4cbe1,blanking,55718-0D150,2026-07-22 03:29:50.645646+00,[],null,null,1,10034.24,[]
0a5c6b59-0151-4ce0-b8c5-6ef350992dcd,blanking,55725/6-0D050-BL,2026-07-22 03:29:50.645646+00,[],null,null,1,7089.32,[]
9d9d8aa4-b0cb-4f10-bef6-bb077807fff0,blanking,55731-0D020,2026-07-22 03:29:50.645646+00,[],null,null,1,7053.74,[]
e9ee03ce-f13e-47c5-9e14-ba6d7547a06c,blanking,55732-0D020,2026-07-22 03:29:50.645646+00,[],null,null,1,7053.74,[]
a370d9ec-fbe0-426e-bb73-2ad7ba31d875,blanking,55733-0D060-001,2026-07-22 03:29:50.645646+00,[],null,null,1,6574.12,[]
af8c81a1-3be2-4ff0-bfce-ff5454a454a0,blanking,55741-0D191/201-001-BL,2026-07-22 03:29:50.645646+00,[],null,null,1,68471.18,[]
e08d2728-60ba-4635-92d2-8cfd1bf9e0b8,blanking,55745-0D140-BL,2026-07-22 03:29:50.645646+00,[],null,null,1,17442.21,[]
80807ea9-9238-4719-855a-f41362be4827,blanking,57155-0D070-001-BL,2026-07-18 02:39:49.444772+00,"[{""line"":""transfer_2000t"",""part_number"":""57155-0D070-001""}]",null,null,0.5,76010.86,[]
60b624a1-c87a-486a-9788-e171fa118bef,blanking,55135-0D141-001-BL,2026-07-17 06:35:11.487156+00,"[{""line"":""transfer_2000t"",""part_number"":""55135-0D141-001""}]",null,0.05,1,29015.11,[]
6010a670-387d-4368-ba27-276f76a92741,blanking,57221/2-0D090/80-001-BL,2026-07-22 03:29:50.645646+00,[],null,null,1,49181.75,[]
32bbf8aa-78f9-4f35-9367-fcd2e0bb862a,blanking,55711-0D140,2026-07-17 06:35:11.487156+00,[],null,0.060000000000000005,1,16778.92,[]
175f8c1d-f570-41f7-953f-40ebc6ffd87f,blanking,57156-0D030-001-BL,2026-07-17 06:35:11.487156+00,"[{""line"":""transfer_2000t"",""part_number"":""57156-0D030-001""}]",null,0.025,0.5,69489.36,[]
4399f425-265a-44c7-b75b-6bea443b1012,blanking,57197/8-0D060-BL,2026-07-17 06:35:11.487156+00,"[{""line"":""transfer_2000t"",""part_number"":""57197/8-0D060""}]",null,0.025,0.5,38825.41,[]
3f01dc23-e8db-47ec-8a14-8c1e2ec7a355,blanking,57659-0D090-BL,2026-07-22 03:29:50.645646+00,[],null,null,1,152510.51,[]
9ca4e75f-dea4-4be2-9dc0-d73b11d4015f,blanking,57315/6-VT020-BL,2026-07-17 06:35:11.487156+00,"[{""line"":""transfer_800t"",""part_number"":""57315/6-VT020""}]",null,0.027222222222222224,0.5,18496.87,[]
c5ae50a3-e88c-4192-b021-a7c93943eb72,blanking,57661-0D100-BL,2026-07-22 03:29:50.645646+00,[],null,null,1,62383.68,[]
9649d444-a747-479d-b1d7-2a3cc8a96ce8,blanking,57488/9-0D040-BL,2026-07-17 06:35:11.487156+00,"[{""line"":""transfer_2000t"",""part_number"":""57488/9-0D040""}]",null,0.023181818181818182,0.5,44153.62,[]
ead75a26-76e1-450a-a188-1c26919af619,blanking,57695-VT020,2026-07-21 01:12:07.288115+00,[],null,0.027222222222222224,0.5,12217.58,[]
d9d41e4d-cd19-497c-be64-311a3b59e468,blanking,57721-0D090-001-BL,2026-07-22 03:29:50.645646+00,[],null,null,1,35071.92,[]
175ff891-6a80-4727-819c-e22ad7bbaba5,blanking,57722-0D090-001-BL,2026-07-22 03:29:50.645646+00,[],null,null,1,35071.92,[]
d150cf6e-b25a-46af-a39d-761a19e13de0,blanking,58176-0D010-BL,2026-07-22 03:29:50.645646+00,[],null,null,1,11196.25,[]
73d8cca0-84d8-4f30-9944-27fd6dc18bb8,blanking,57696-VT020,2026-07-21 01:12:07.288115+00,[],null,0.027222222222222224,0.5,12217.58,[]
2ee4e283-8735-4dec-aa02-b11a684fcb5e,blanking,58227-0D080-001-BL,2026-07-22 03:29:50.645646+00,[],null,null,1,36244.17,[]
015785bd-0dea-4c1e-a577-ec97c70cfe73,blanking,58227/8-0D070-001-BL,2026-07-22 03:29:50.645646+00,[],null,null,1,43465.83,[]
544241e6-1dc4-4e98-8a86-4bee6af2a534,blanking,58228-0D080-001-BL,2026-07-22 03:29:50.645646+00,[],null,null,1,36244.17,[]
b7d0216f-d969-4b87-b067-860fc2ebbbf0,blanking,58371-0D150-BL,2026-07-22 03:29:50.645646+00,[],null,null,1,101147.62,[]
ce222d4e-7304-4006-9cf9-ad8162fb2a3f,blanking,58371-0D160-BL,2026-07-22 03:29:50.645646+00,[],null,null,1,95060.58,[]
d18a5c5c-8f57-49c3-8310-2347ec290d26,blanking,58375-0D130-BL,2026-07-22 03:29:50.645646+00,[],null,null,1,46812.28,[]
21d9caed-903a-440e-968f-735fc92b44ac,blanking,58375-0D140-001-BL,2026-07-22 03:29:50.645646+00,[],null,null,1,44991.94,[]
7e78199e-bd71-4fab-a0d6-c7aca95d0a2c,blanking,58375-0D190,2026-07-22 03:29:50.645646+00,[],null,null,1,7080.4,[]
56289b8d-2fc5-4280-a72c-a78489739db3,blanking,58375-0D250-001-BL,2026-07-22 03:29:50.645646+00,[],null,null,1,80288.59,[]
e1cd9a60-a308-4127-b9c1-f3c1c4666ff4,blanking,58375-0D290-BL,2026-07-22 03:29:50.645646+00,[],null,null,1,43077.96,[]
2ba2ebe2-7bfd-446b-a461-fb82e5724f23,blanking,58376-0D010,2026-07-22 03:29:50.645646+00,[],null,null,1,7080.4,[]
0323dbf6-7b7b-4102-8fcd-c14a8b67a65a,blanking,58377-0D060-BL,2026-07-22 03:29:50.645646+00,[],null,null,1,9573.8,[]
c1ea1903-6872-4523-9ee1-a81375a332c3,blanking,61121-0D200-001-BL,2026-07-22 03:29:50.645646+00,[],null,null,1,60216.18,[]
386e40c4-85d4-4580-8775-226b75892a8e,blanking,61121/2-0D160-001-BL,2026-07-22 03:29:50.645646+00,[],null,null,1,38530.49,[]
ed1648cc-e0ad-4d2d-85a5-a1c2e976409f,blanking,57771-VT020-BL,2026-07-21 01:12:07.288115+00,[],null,0.021666666666666667,0.5,13336.03,[]
e0517f31-8b5e-44f5-9a15-18f922073755,blanking,57772-VT020-BL,2026-07-21 01:12:07.288115+00,[],null,0.021666666666666667,0.5,13336.03,[]
821edc0b-5e1c-455b-8cba-d096c6298e2c,blanking,59711-74U00-001-BL,2026-07-17 06:35:11.487156+00,"[{""line"":""transfer_2000t"",""part_number"":""59711-74U00-001""}]",null,0.043333333333333335,1,26379.15,[]
a3b57528-f7ef-4851-8c7e-4c257e35ba15,blanking,61121-KK010-001-BL,2026-07-17 06:35:11.487156+00,"[{""line"":""transfer_2000t"",""part_number"":""61121-KK010-001""}]",null,0.023181818181818182,0.5,34983.67,[]
50604386-bd53-44b7-bca2-6aca6f73ff0a,blanking,61121/2-0D220-001-BL,2026-07-17 06:35:11.487156+00,"[{""line"":""transfer_2000t"",""part_number"":""61121/2-0D220-001""}]",null,0.05,1,43098.23,[]
2669d6ca-f6c4-49ad-805e-500730e536f7,blanking,74U00-SH803S-BL,2026-07-21 01:12:07.288115+00,[],null,0.0216666666666667,0.5,34394.06,[]
18bb12ef-cc38-4dad-9fc0-3925e609001e,blanking,61122-KK010-001-BL,2026-07-17 06:35:11.487156+00,"[{""line"":""transfer_2000t"",""part_number"":""61122-KK010-001""}]",null,0.023181818181818182,0.5,34983.67,[]
f3eb6e42-2675-4445-aa89-310f1136ab53,blanking,61135-0D110-001-BL,2026-07-21 01:12:07.288115+00,[],null,0.013611111111111112,0.5,42039.07,[]
2da08115-3a4d-4363-bbbe-3ac671c4427b,blanking,61135-KK010-001-BL,2026-07-21 01:12:07.288115+00,[],null,0.0216666666666667,0.5,41353.77,[]
bdb8cc5a-13ec-4709-8539-9cbf6a8dc8d1,blanking,61135/6-KK010-001-BL,2026-07-17 06:35:11.487156+00,"[{""line"":""tandem"",""part_number"":""61135-KK010-001""},{""line"":""tandem"",""part_number"":""61136-KK010-001""}]",null,0.0216666666666667,0.5,41353.77,[]
17e470b8-6d4b-43f8-8df6-0f15dbafb9cf,blanking,61136-0D110-001-BL,2026-07-21 01:12:07.288115+00,[],null,0.013611111111111112,0.5,42039.07,[]
3d7bb7c7-5f6f-446f-8988-a4906d790fd8,blanking,61136-KK010-001-BL,2026-07-21 01:12:07.288115+00,[],null,0.0216666666666667,0.5,41353.77,[]
9c2c352b-6ff1-416d-a4bc-d832b2d04e31,blanking,61137/8-KK010-BL,2026-07-17 06:35:11.487156+00,"[{""line"":""transfer_2000t"",""part_number"":""61137/8-KK010""}]",null,0.046363636363636364,1,39526.66,[]
4fa059a7-d258-4c9d-83bb-ad73d786db7e,blanking,61141-KK010-001-BL,2026-07-21 01:12:07.288115+00,[],null,0.025,0.5,3713.38,[]
18320d0a-5fb9-4d3d-9951-6ab10852c9f4,blanking,61142-KK010-BL,2026-07-21 01:12:07.288115+00,[],null,0.025,0.5,3713.38,[]
40203e54-0695-4c04-848d-54a3bdea0c7b,blanking,61145/6-KK010-BL,2026-07-17 06:35:11.487156+00,"[{""line"":""transfer_2000t"",""part_number"":""61145/6-KK010""}]",null,0.06714285714285714,1,20650.24,[]
8baab3c7-ed2f-4225-8d96-a27659275788,blanking,61161-KK010-001-BL,2026-07-21 01:12:07.288115+00,[],null,0.025,0.5,49257.86,[]
deb014fd-4c49-478f-8527-61fd2e747a6b,blanking,61162-KK010-001-BL,2026-07-21 01:12:07.288115+00,[],null,0.025,0.5,49257.86,[]
2b47f5eb-9a6e-46fa-8f7e-b426e9c889de,blanking,61173-KK020-001,2026-07-21 01:12:07.288115+00,[],null,0.02880952380952381,0.5,9702.76,[]
6da1392d-0c5e-4fc0-b2b9-0e4b6d32445a,blanking,61122-0D200-001-BL,2026-07-22 03:29:50.645646+00,[],null,null,1,60206.65,[]
240f423e-00a4-4012-8c11-10ef66a0a5ae,blanking,61126-0D020-001,2026-07-22 03:29:50.645646+00,[],null,null,1,5522.06,[]
d04ca00f-3b4c-4541-b25b-008327372264,blanking,61127-0D010-001,2026-07-22 03:29:50.645646+00,[],null,null,1,5522.06,[]
89b40b3d-4ad9-4ad2-93f1-31a4a3349aba,blanking,61135-0D130-001-BL,2026-07-22 03:29:50.645646+00,[],null,null,1,76894.37,[]
f3b4d5b8-39e2-443d-a57a-c573df5d148c,blanking,61136-0D130-001-BL,2026-07-22 03:29:50.645646+00,[],null,null,1,76894.37,[]
f18837a5-fecf-47e0-a18e-21c48ebfb227,blanking,61137-0D180-001-BL,2026-07-22 03:29:50.645646+00,[],null,null,1,70234.83,[]
3ab5c501-7494-4f5c-a6df-d533557f04f5,blanking,61137/8-0D160-001-BL,2026-07-18 02:47:14.036637+00,"[{""line"":""transfer_2000t"",""part_number"":""61137/8-0D160-001""}]",null,null,1,39801.1,[]
1bfc3889-f3e5-43f8-b657-b2f360b60e5a,blanking,61138-0D180-001-BL,2026-07-22 03:29:50.645646+00,[],null,null,1,70234.83,[]
bf4aa222-2865-4ee9-920c-fead116d7439,blanking,61141/2-0D150-001-BL,2026-07-22 03:29:50.645646+00,[],null,null,1,15687.96,[]
20e0619f-bec9-445e-9bf8-7a75a251a7d8,blanking,61147/8-0D050-001-BL,2026-07-22 03:29:50.645646+00,[],null,null,1,4677.95,[]
4d1d5ea1-ee6a-480a-ae96-5b7c5978542f,blanking,61153/4-0D140-001-BL,2026-07-22 03:29:50.645646+00,[],null,null,1,10482.34,[]
c8d034a7-b6db-4a23-a2f6-a1b9f2bcb6dc,blanking,61153/4-0D160-001-BL,2026-07-22 03:29:50.645646+00,[],null,null,1,24315.21,[]
9c4487c6-e809-461c-9cce-5c33b9eb6aa8,blanking,61161-0D170-001-BL,2026-07-22 03:29:50.645646+00,[],null,null,1,20225.07,[]
c2ceb862-d3a2-4dfe-af88-489889debe0a,blanking,61161-0D190-001-BL,2026-07-22 03:29:50.645646+00,[],null,null,1,20647.83,[]
20e551a1-8f2c-4c0f-b262-c81d77e3a10e,blanking,61161-0D240-001-BL,2026-07-22 03:29:50.645646+00,[],null,null,1,43866.4,[]
cbb5e87d-f99c-4c18-a444-384898834ea2,blanking,61162-0D170-001-BL,2026-07-22 03:29:50.645646+00,[],null,null,1,20225.07,[]
33662d35-fc69-4193-b4af-20b0e36e58ca,blanking,61162-0D190-001-BL,2026-07-22 03:29:50.645646+00,[],null,null,1,20647.83,[]
8e4b7a99-0181-4140-9e5e-6c85703c4294,blanking,61162-0D240-001-BL,2026-07-22 03:29:50.645646+00,[],null,null,1,43866.4,[]
8da0a4c3-ad07-4f0d-8df1-8df94004b9c4,blanking,61175-0D160-001,2026-07-22 03:29:50.645646+00,[],null,null,1,5180.01,[]
b16fa351-4d94-4f31-9d0b-46056f284323,blanking,61176-0D160-001,2026-07-22 03:29:50.645646+00,[],null,null,1,5180.01,[]
6a7ca5e2-e768-4664-9ec8-60120350eb23,blanking,61179-0D010-BL,2026-07-22 03:29:50.645646+00,[],null,null,1,53491.92,[]
7732ba59-04d6-4307-b5d6-2a1060e8a14f,blanking,61189-0D010-BL,2026-07-22 03:29:50.645646+00,[],null,null,1,53491.92,[]
4965d0a6-ff13-4662-8793-293f5154dcd1,blanking,61174-KK020-001,2026-07-21 01:12:07.288115+00,[],null,0.02880952380952381,0.5,9702.76,[]
0da9fd72-b178-44d3-a55a-be0b3e586b9b,blanking,61177-KK010-001,2026-07-17 06:35:11.487156+00,[],null,0.025,0.5,2562.64,[]
7b838300-dde3-4b23-8b30-0bf9b9f2bb9b,blanking,61213-0D210-BL,2026-07-22 03:29:50.645646+00,[],null,null,1,42826.2,[]
29db6d02-0c1d-4835-9212-c77a2008a30e,blanking,61214-0D210-BL,2026-07-22 03:29:50.645646+00,[],null,null,1,42826.2,[]
ddf860a3-5858-41de-b8d0-991e1857d3ed,blanking,61215/6-0D010-BL,2026-07-22 03:29:50.645646+00,[],null,null,1,25483.3,[]
d546bce5-ad96-49a4-8eea-8a0464584cfb,blanking,61231-0D150-001-BL,2026-07-22 03:29:50.645646+00,[],null,null,1,18883.76,[]
4c9f5c23-68de-41f0-a490-3001938a9fff,blanking,61211-KK010-BL,2026-07-22 03:29:50.645646+00,[],null,0.05,1,35769.56,[]
812e4461-fca7-4fe9-906d-2112f444b62a,blanking,61211/2-KK010-BL,2026-07-17 06:35:11.487156+00,"[{""line"":""tandem"",""part_number"":""61211-KK010""},{""line"":""tandem"",""part_number"":""61212-KK010""}]",null,0.05,1,35769.56,[]
3d87b28e-7165-4f76-8eb9-5cb78af0fedd,blanking,61231-0D180-001-BL,2026-07-22 03:29:50.645646+00,[],null,0.05,1,16025.7,[]
b6856f90-49bc-4249-8701-3d79715200ea,blanking,61231-KK040-001-BL,2026-07-21 01:12:07.288115+00,[],null,0.025,0.5,24225.77,[]
d49ecec3-8e10-4936-aaac-01209f132f27,blanking,61231/2-BZ370/BZ360-BL,2026-07-17 06:35:11.487156+00,"[{""line"":""transfer_2000t"",""part_number"":""61231/2-BZ370/360""}]",null,0.046363636363636364,1,17902.11,[]
23fdc644-6e0e-442c-a74f-e59dc335e22e,blanking,61232-0D140-001-BL,2026-07-22 03:29:50.645646+00,[],null,null,1,18883.76,[]
6b264291-e6c9-4a9b-bfa6-0ea49d105049,blanking,61232-0D180-001-BL,2026-07-22 03:29:50.645646+00,[],null,null,1,16025.7,[]
ad306e3f-34d9-440c-8d32-3e320055f0b2,blanking,61232-KK040-001-BL,2026-07-21 01:12:07.288115+00,[],null,0.025,0.5,24225.77,[]
73d7f2f5-113c-4b53-a72c-8b586f413e0f,blanking,61233-0D220,2026-07-22 03:29:50.645646+00,[],null,null,1,17732.01,[]
35ea4383-327d-4ff3-88d1-0524798d90dd,blanking,61233-0D230,2026-07-22 03:29:50.645646+00,[],null,null,1,16842.21,[]
e3573297-9375-4574-9a41-83620500b9b2,blanking,61233-0D270-001,2026-07-22 03:29:50.645646+00,[],null,null,1,17102.0,[]
581d4618-1ed5-472f-b8f8-4456d70cd28f,blanking,61233-KK010-BL,2026-07-21 01:12:07.288115+00,[],null,0.025,0.5,26509.07,[]
a6022795-b0db-45e9-aabd-9f89ea0519a8,blanking,61233/4-0D340-001-BL,2026-07-17 06:35:11.487156+00,"[{""line"":""tandem"",""part_number"":""61233/4-0D340-001""}]",null,0.05,1,16783.36,[]
98966b6e-6b7b-4771-b762-ce081d7bbe39,blanking,61233/4-BZ140-001/BZ130-001-BL,2026-07-17 06:35:11.487156+00,"[{""line"":""transfer_2000t"",""part_number"":""61233/4-BZ140/130-001""}]",null,0.043333333333333335,1,21961.93,[]
c609a876-a888-4284-9a94-07fb83bf4c1a,blanking,61234-0D220,2026-07-22 03:29:50.645646+00,[],null,null,1,17732.01,[]
5ab63d08-0d68-4dd8-b248-d5777a1d6279,blanking,61234-0D230,2026-07-22 03:29:50.645646+00,[],null,null,1,16842.21,[]
4ad6c601-f1b5-4831-a53f-ecf56d982598,blanking,61234-0D270-001,2026-07-22 03:29:50.645646+00,[],null,null,1,17102.0,[]
fce4132c-edd4-482b-908a-47d654a8759a,blanking,61234-KK010-BL,2026-07-21 01:12:07.288115+00,[],null,0.025,0.5,26509.07,[]
192fea5a-dc88-4990-a1a5-79a6cf629f01,blanking,61245/6-0D030-BL,2026-07-22 03:29:50.645646+00,[],null,null,1,22923.56,[]
8094da66-8466-400a-b8b3-e26b616ed72f,blanking,61323/4-0D040-BL,2026-07-22 03:29:50.645646+00,[],null,null,1,6691.44,[]
84fd49a3-8bce-408b-9980-2c5506dcadf7,blanking,61327-BZ230-001-BL,2026-07-17 06:35:11.487156+00,"[{""line"":""transfer_2000t"",""part_number"":""61327-BZ230-001""}]",null,0.025,0.5,75639.99,[]
19d1bea3-4273-48d3-8b7a-7b9e0429e061,blanking,61328-BZ240-001-BL,2026-07-17 06:35:11.487156+00,"[{""line"":""transfer_2000t"",""part_number"":""61328-BZ240-001""}]",null,0.025,0.5,75639.99,[]
83971587-0cf7-478c-80f5-6d09e79f4c4b,blanking,61337/8-BZ140-001/BZ120-001-BL,2026-07-17 06:35:11.487156+00,"[{""line"":""transfer_2000t"",""part_number"":""61337/8-BZ140/120""}]",null,0.05444444444444445,1,41727.01,[]
a8d9ecf1-7f07-40b4-a116-5a728abf0158,blanking,61343-0D180-001-BL,2026-07-22 03:29:50.645646+00,[],null,null,1,54774.51,[]
5510ead6-1632-4c94-a322-596a39568232,blanking,61343-0D230-001-BL,2026-07-22 03:29:50.645646+00,[],null,null,1,54048.37,[]
8208c0a5-d2bb-4c7f-a685-66753a335f71,blanking,61344-0D180-001-BL,2026-07-22 03:29:50.645646+00,[],null,null,1,54774.51,[]
532d7ede-2fd5-48e2-bc25-c3d10cd5cc1a,blanking,61344-0D230-001-BL,2026-07-22 03:29:50.645646+00,[],null,null,1,54048.37,[]
81632384-9b00-4a95-a091-3df9dd59bb9e,blanking,61411-0D170-BL,2026-07-22 03:29:50.645646+00,[],null,null,1,70385.16,[]
455abced-0019-47fd-be11-d3112111e961,blanking,61412-0D170-BL,2026-07-22 03:29:50.645646+00,[],null,null,1,70006.18,[]
fd9b8237-672c-447b-9155-6155ce73130e,blanking,61418-0D120-BL,2026-07-22 03:29:50.645646+00,[],null,null,1,10672.56,[]
033b7b91-b2be-4d93-a79d-d462e5137db8,blanking,61421-0D010-BL,2026-07-22 03:29:50.645646+00,[],null,null,1,70320.4,[]
23abf7df-0817-40da-a509-8359d64c3f8b,blanking,61422-0D010-BL,2026-07-22 03:29:50.645646+00,[],null,null,1,70006.18,[]
0a3f2aab-7f6a-4f1e-a576-e805e8c720eb,blanking,61427-0D020,2026-07-22 03:29:50.645646+00,[],null,null,1,5922.76,[]
3fef940d-aa70-432e-bd41-4d65754947e1,blanking,61431-0D020-BL,2026-07-22 03:29:50.645646+00,[],null,null,1,51890.82,[]
82df8af4-a609-44ea-a3c4-b411d0b705de,blanking,61432-0D020-BL,2026-07-22 03:29:50.645646+00,[],null,null,1,51890.82,[]
21709dd5-3c23-4f40-9f7c-de3f417a653d,blanking,"61515/6-0D010-001,61515/6-0D020-001-BL",2026-07-22 03:29:50.645646+00,[],null,null,1,46265.85,[]
bfefadba-e33d-49fb-b32b-e7828d59d444,blanking,61517/8-0D170/60-001-BL,2026-07-22 03:29:50.645646+00,[],null,null,1,16268.8,[]
e7a019c5-f07f-499c-9105-56e54cd78f47,blanking,61627/8-0D010-001-BL,2026-07-22 03:29:50.645646+00,[],null,null,1,11544.84,[]
beb9a9be-f8d8-473d-b26e-0ecfe65b0444,blanking,61671/2-0D080-BL,2026-07-22 03:29:50.645646+00,[],null,null,1,41370.29,[]
2f10c75e-708a-48af-9f9f-3f325ec4a9ad,blanking,61747/8-0D010-BL,2026-07-22 03:29:50.645646+00,[],null,null,1,12745.77,[]
fd250701-e35e-448b-aea8-ecff835f7400,blanking,62111-73R00-001-BL,2026-07-17 06:35:11.487156+00,"[{""line"":""tandem"",""part_number"":""62111-73R00-001""}]",null,0.05,1,105674.66,[]
ffbc0439-1640-4f06-9d60-d9d706deed09,blanking,62112-73R00,2026-07-21 01:12:07.288115+00,[],null,0.025,0.5,11205.64,[]
4b0224cc-432e-4b83-be5d-197ce3cc3bb0,blanking,62114/314-73R00-BL,2026-07-17 06:35:11.487156+00,"[{""line"":""tandem"",""part_number"":""62114/314-73R00""}]",null,0.025,0.5,19113.1,[]
30910d7f-a62d-4300-aaab-63e93f32a4ae,blanking,62117-73R00,2026-07-17 06:35:11.487156+00,[],null,0.05,1,7235.78,[]
d964166a-562e-4a97-8286-a2002b4be7ce,blanking,62118/318-73R00-BL,2026-07-17 06:35:11.487156+00,"[{""line"":""tandem"",""part_number"":""62118/318-73R00""}]",null,0.025,0.5,9174.95,[]
00c4b8bb-e3c5-4dfc-b881-185439582bff,blanking,62121-73R00-001-BL,2026-07-21 01:12:07.288115+00,[],null,0.025,0.5,37630.26,[]
1e7998a2-3b59-493e-a6cc-45f781370273,blanking,62122-73R00,2026-07-21 01:12:07.288115+00,[],null,0.025,0.5,2885.32,[]
c15a3eed-ab59-4211-bbc3-81b15a28c068,blanking,62133-73R00-BL,2026-07-21 01:12:07.288115+00,[],null,0.025,0.5,23646.32,[]
8dc20261-df8b-44ef-8a28-0cd9292bb5d7,blanking,62311-73R00-001-BL,2026-07-17 06:35:11.487156+00,"[{""line"":""tandem"",""part_number"":""62311-73R00-001""}]",null,0.05,1,105754.8,[]
ceb6a749-b03e-4e44-923f-a7b6a4730d79,blanking,62312-73R00,2026-07-21 01:12:07.288115+00,[],null,0.025,0.5,11205.64,[]
679aa236-107e-47b5-8b45-5026b49dd089,blanking,62317-73R00,2026-07-17 06:35:11.487156+00,[],null,0.05,1,8004.14,[]
a0a548ce-8573-4828-ade5-f0835b1dd78c,blanking,62321-73R00-001-BL,2026-07-21 01:12:07.288115+00,[],null,0.025,0.5,37630.26,[]
d760f3fb-9259-4f93-a850-d19efa09f527,blanking,62322-73R00,2026-07-21 01:12:07.288115+00,[],null,0.025,0.5,3023.12,[]
e3bcae50-ab8c-41b5-b73f-c635e0497b13,blanking,62333-73R00-BL,2026-07-21 01:12:07.288115+00,[],null,0.025,0.5,23646.32,[]
29847510-120d-46a7-a3f3-5713cb132777,blanking,63125-KK010-001,2026-07-17 06:35:11.487156+00,[],null,0.046363636363636364,1,34586.5,[]
3bafd8fc-028a-4361-892b-b822b3aa1193,transfer_2000t,67122-0D200,2026-07-21 01:12:07.288115+00,[],null,0.09333333333333332,0.5,8678.49,[]
c032f83e-9b27-421d-9954-743f568e1616,blanking,63127-0D010,2026-07-22 03:29:50.645646+00,[],null,null,1,6561.12,[]
538724be-70ee-45e6-91d4-ddb31edb5c92,blanking,63128-0D010,2026-07-22 03:29:50.645646+00,[],null,null,1,6561.12,[]
93be2f58-a7eb-4ccd-9eb1-267aeb8b7a26,blanking,63133-0D110-BL,2026-07-22 03:29:50.645646+00,[],null,null,1,11516.14,[]
5bf76e63-c8f0-40f1-ac4b-e2782a68edb9,blanking,63133-0D140-BL,2026-07-22 03:29:50.645646+00,[],null,null,1,12700.92,[]
b8816582-dfd4-4ffb-ab1c-c54bdad94076,blanking,63134-0D110-001-BL,2026-07-22 03:29:50.645646+00,[],null,null,1,15846.1,[]
c45f8c86-b56f-4131-85e9-287f123877a0,blanking,63141-0D150-001,2026-07-22 03:29:50.645646+00,[],null,null,1,27457.34,[]
9ac9d6c9-c7ec-4547-89b3-c52f8bed5ebe,blanking,63141-0D260-001,2026-07-22 03:29:50.645646+00,[],null,null,1,27489.65,[]
dfc237b2-53e4-406a-9089-f498150015d0,blanking,63145-0D050,2026-07-22 03:29:50.645646+00,[],null,null,1,6035.34,[]
b58c9e59-1e17-4a9c-9c22-f5fe43f299b1,blanking,63175-0D100,2026-07-22 03:29:50.645646+00,[],null,null,1,8218.43,[]
d2634cd7-e974-49ed-9191-d2b5ef1c1e6f,blanking,63176-0D100,2026-07-22 03:29:50.645646+00,[],null,null,1,8218.43,[]
752ac682-149a-4bbf-a4ee-090aac07f05f,blanking,64111-0D090-001-BL,2026-07-22 03:29:50.645646+00,[],null,null,1,41355.19,[]
a5f40890-cfa3-4b6e-8d60-5010f04ed1e7,blanking,64112-0D020-BL,2026-07-22 03:29:50.645646+00,[],null,null,1,43693.7,[]
d62b7360-5305-4990-9e91-fe2a7a916181,blanking,64112-0D090-BL,2026-07-22 03:29:50.645646+00,[],null,null,1,42529.26,[]
b5475caf-76fe-4ca4-9155-419b30831683,blanking,64115-0D060-BL,2026-07-22 03:29:50.645646+00,[],null,null,1,28051.26,[]
3718b8cf-c605-4407-a192-47613952cb4d,blanking,64211-0D090-001-BL,2026-07-22 03:29:50.645646+00,[],null,null,1,37119.34,[]
1162f245-0cfd-474e-b8d6-16f48e97e495,blanking,64212-0D090-001-BL,2026-07-22 03:29:50.645646+00,[],null,null,1,37826.1,[]
d2e101ed-2243-4299-b862-f13e8d74e8d6,blanking,64213/4-0D140-001-BL,2026-07-22 03:29:50.645646+00,[],null,null,1,21862.6,[]
dc33e50f-0502-4180-8a95-977df50fa058,blanking,64312/3-0D080-BL,2026-07-22 03:29:50.645646+00,[],null,null,1,16331.7,[]
f67b7be1-bad0-449f-915d-a051bdf5b7b8,blanking,64312/3-0D130-BL,2026-07-22 03:29:50.645646+00,[],null,null,1,17781.65,[]
ba388144-5a39-4874-8ea1-f12b8920b3b7,blanking,67118/9-0D020-BL,2026-07-22 03:29:50.645646+00,[],null,null,1,11803.07,[]
8b833cc2-fd64-4d03-886d-67d1dcd85caa,blanking,67121/2-0D140-BL,2026-07-22 03:29:50.645646+00,[],null,null,1,16084.18,[]
451b9c10-6317-4441-8261-01cd02aab048,blanking,67123-0D160,2026-07-22 03:29:50.645646+00,[],null,null,1,13118.46,[]
28df3a6f-8f81-4ed9-bf71-655401785809,blanking,67124-0D130,2026-07-22 03:29:50.645646+00,[],null,null,1,13082.84,[]
f575beb8-8fe6-46a1-addd-79a16909ba89,blanking,67125/6-0D120-BL,2026-07-22 03:29:50.645646+00,[],null,null,1,11949.7,[]
941008c0-a447-4ff1-b990-235463b7d231,blanking,67127-0D120,2026-07-22 03:29:50.645646+00,[],null,null,1,6092.24,[]
b581748a-44b8-4c11-8973-ca79abd1b845,blanking,67127-0D140,2026-07-22 03:29:50.645646+00,[],null,null,1,6573.72,[]
4dc19831-5e90-42ee-ba06-1ab9ce8c5297,blanking,63126-KK010-BL,2026-07-17 06:35:11.487156+00,"[{""line"":""transfer_800t"",""part_number"":""63126-KK010""}]",null,0.046363636363636364,1,24457.38,[]
2d05cadd-1b82-4576-b4da-e41f2e23e126,blanking,67135-0D010,2026-07-22 03:29:50.645646+00,[],null,null,1,7887.74,[]
7342dc8d-1c40-401d-a4c8-33c7992f4f88,blanking,67151/2-0D150-BL,2026-07-22 03:29:50.645646+00,[],null,null,1,65423.43,[]
a8b011cd-13b2-4920-9e11-63d3cfe7ebad,blanking,67175/6-0D110/00-001-BL,2026-07-22 03:29:50.645646+00,[],null,null,1,26644.5,[]
8e72b392-775c-4bdc-ac93-a1b786a88bcd,blanking,63132-0D170,2026-07-17 06:35:11.487156+00,[],null,0.05,1,21282.68,[]
600467a2-36c6-4fe6-b172-5e765c872722,blanking,67177/8-0D010-BL,2026-07-22 03:29:50.645646+00,[],null,null,1,23528.43,[]
2b9b3216-b710-41d2-80a7-9a3377b4f6d0,blanking,67188/9-0D090/70-BL,2026-07-22 03:29:50.645646+00,[],null,null,1,31080.02,[]
f8f26014-a084-4b6a-9e82-3c079db57b46,blanking,67337/8-0D130-BL,2026-07-22 03:29:50.645646+00,[],null,null,1,62831.09,[]
02bb4b9f-2f24-4f83-bb0d-9ff8e1eee379,blanking,63143-0D130,2026-07-17 06:35:11.487156+00,[],null,0.05,1,6523.68,[]
0b72a384-2366-4b6e-bd8b-eb7c2b8c4245,blanking,63144-0D100,2026-07-17 06:35:11.487156+00,[],null,0.05,1,5831.24,[]
bd77ce0b-6b71-43a3-b915-555995e76086,blanking,63144-KK010,2026-07-17 06:35:11.487156+00,[],null,0.046363636363636364,1,20997.27,[]
3c597e7e-e097-4264-9d0d-7428c68a2e95,blanking,67125/6-0D140-BL,2026-07-22 03:29:50.645646+00,[],null,0.05,1,13388.53,[]
3ae67b8b-78e8-4d72-b2ad-29934d28d643,blanking,67127-0D190,2026-07-17 06:35:11.487156+00,[],null,0.05444444444444445,1,7422.56,[]
e631dc94-2f43-455b-b289-0aec7fb0a46f,blanking,67175/6-KK010-BL,2026-07-17 06:35:11.487156+00,"[{""line"":""transfer_800t"",""part_number"":""67175/6-KK010""}]",null,0.043333333333333335,1,26076.0,[]
3b96feb0-1413-4615-93ba-7089f32ad2ff,blanking,67337/8-KK030-BL,2026-07-17 06:35:11.487156+00,"[{""line"":""transfer_800t"",""part_number"":""67337/8-KK030""}]",null,0.05,1,6094.17,[]
4c8ba3a7-fd6a-480c-8375-1d343e5d0fda,blanking,74U00-CA506S-BL,2026-07-17 06:35:11.487156+00,[],null,0.043333333333333335,1,31134.76,[]
21f03759-7287-4af5-8b4c-cecb5fc26c49,blanking,74U00-CN405S-BL,2026-07-17 06:35:11.487156+00,"[{""line"":""transfer_800t"",""part_number"":""74U00-CN405S-001""}]",null,0.043333333333333335,0.5,20483.72,[]
d88b8070-6863-465a-b7fe-bcff916fe5b1,blanking,74U00-FLP01S-BL,2026-07-17 06:35:11.487156+00,"[{""line"":""tandem"",""part_number"":""74U00-FLP01S""}]",null,0.046363636363636364,1,19370.11,[]
8fe2f453-4dd3-40da-a01f-77404434f36c,blanking,74U00-SH804S-BL,2026-07-21 01:12:07.288115+00,[],null,0.0216666666666667,0.5,34394.06,[]
88ad6463-0ba4-4a30-b697-86eb6c88574b,blanking,74U50-CA506S-BL,2026-07-17 06:35:11.487156+00,[],null,0.043333333333333335,1,28249.36,[]
691d2ff7-7c6d-4559-bf84-b620cafb0389,blanking,74U50-CN405S-BL,2026-07-17 06:35:11.487156+00,"[{""line"":""transfer_800t"",""part_number"":""74U50-CN405S-001""}]",null,0.043333333333333335,0.5,25697.84,[]
8853578e-0aa5-4ea4-8b0d-dee30913b8cb,blanking,74U50-FL001S-BL,2026-07-17 06:35:11.487156+00,"[{""line"":""tandem"",""part_number"":""74U50-FL001S""}]",null,0.046363636363636364,1,25820.97,[]
a160cb6a-e89b-4338-a086-7d1abc0d95eb,blanking,74U50-SH403S-BL,2026-07-21 01:12:07.288115+00,[],null,0.0216666666666667,0.5,50444.76,[]
162ce3d9-d6fb-4cb2-ba3e-8ad969e34c67,blanking,74U50-SH404S-BL,2026-07-21 01:12:07.288115+00,[],null,0.0216666666666667,0.5,50444.76,[]
cfe43092-1d2f-404d-ba0a-f55174190507,blanking,74U50-SH407S/408S-BL,2026-07-17 06:35:11.487156+00,"[{""line"":""transfer_800t"",""part_number"":""74U50-SH407S/408S-001""}]",null,0.021666666666666667,0.5,22879.6,[]
03fe7a36-0b6d-41ab-a351-ad08bb3eb783,blanking,889FI-CA006S-803-BL,2026-07-17 06:35:11.487156+00,[],null,0.05,1,18110.68,[]
48bfe444-77b3-476e-a6c8-13a65e5550ea,blanking,889FI-CA006S-903-BL,2026-07-17 06:35:11.487156+00,[],null,0.05,1,18311.41,[]
031b0263-0fd4-4166-9292-f228dfc36377,blanking,889FI-CN505S-BL.3,2026-07-21 01:12:07.288115+00,[],null,0.016666666666666666,0.3333333333333333,18042.39,[]
e83fa9e9-d577-478d-888c-3a74eab0ae7e,blanking,D73F0-CA006S-903-BL,2026-07-22 03:29:50.645646+00,[],null,null,1,14104.75,[]
03a49a73-3179-4fb0-926e-d9809395bfb8,blanking,889FI-SH803S-BL,2026-07-17 06:35:11.487156+00,"[{""line"":""transfer_800t"",""part_number"":""889FI-SH803S-001""}]",null,0.021666666666666667,0.5,32375.36,[]
5c7cc013-285a-4baa-b56c-9fb0bd4dafc2,blanking,889FI-SH803S-BL-NEW,2026-07-21 01:12:07.288115+00,[],null,0.021666666666666667,0.5,null,[]
8ff08d4d-29e4-4ef8-b48c-efc164c46cbe,blanking,D98E7-CA506S-604-BL,2026-07-17 06:35:11.487156+00,[],null,null,1,35813.99,[]
e23b2737-86ac-4e8f-a209-63f014c1e5a3,blanking,889FI-SH804S-BL,2026-07-17 06:35:11.487156+00,"[{""line"":""transfer_800t"",""part_number"":""889FI-SH804S-001""}]",null,0.021666666666666667,0.5,26530.56,[]
ac933777-9b1d-40f7-9714-f809b7d02ba6,blanking,889FI-SH804S-BL-NEW,2026-07-21 01:12:07.288115+00,[],null,0.021666666666666667,0.5,null,[]
c800979b-b1cb-4ce6-9a20-6d7302d22bf3,blanking,D13EI-CA006S-903-BL,2026-07-17 06:35:11.487156+00,[],null,0.05,1,18287.43,[]
9b42c987-2dbc-424c-90a8-f03498928bf7,blanking,D41E1-CA006S-804-BL,2026-07-17 06:35:11.487156+00,[],null,0.05,1,17881.72,[]
d45a1612-8da2-4284-871a-5cc9023127c4,blanking,D41E1-CA006S-904-BL,2026-07-22 03:29:50.645646+00,[],null,0.05,1,17881.72,[]
5aa317d2-707b-42f4-92f7-a05be8919a1b,blanking,D73F0-CN010S-BL,2026-07-17 06:35:11.487156+00,"[{""line"":""transfer_800t"",""part_number"":""D73F0-CN010S-001""}]",null,0.023181818181818182,0.5,11897.54,[]
90f84528-d458-4557-ae70-0964162339a1,blanking,D73F1-CA006S-903-BL,2026-07-17 06:35:11.487156+00,[],null,0.046363636363636364,1,14278.25,[]
cf45c31f-bec3-44ee-8225-3ff5e69d8514,blanking,D98E7-CA506S-704-BL,2026-07-17 06:35:11.487156+00,[],null,0.05,1,35813.99,[]
3c4e5a0d-016d-4f7f-b6a4-13ebefdfae98,blanking,D98E7-CA506S-803-BL,2026-07-17 06:35:11.487156+00,[],null,0.046363636363636364,1,35745.84,[]
62445093-e3e7-4c90-af10-43ece6be7a10,blanking,D98E7-CN505S-BL,2026-07-17 06:35:11.487156+00,"[{""line"":""transfer_800t"",""part_number"":""D98E7-CN505S-001""}]",null,0.011590909090909091,0.25,22184.6,[]
a421e56f-c6a9-4290-9a92-7eecbac6cd86,blanking,D98E7-FLP01S-001,2026-07-17 06:35:11.487156+00,"[{""line"":""tandem"",""part_number"":""D98E7-FLP01S""}]",null,0.046363636363636364,1,18460.99,[]
737f835f-924e-4b03-9abb-b85650424e64,blanking,D98E7-FLP01S-001-NEW,2026-08-04 03:46:50.342859+00,[],null,0.046363636363636364,1,null,[]
732585ce-e39b-4d66-8f47-9de24363b712,tandem,46511-77M00-901,2026-07-22 03:29:50.645646+00,[],null,null,1,223974.68,[]
beaa7ade-95f6-418e-91a7-8a5691042d5c,pc200t,889FI-CN505S.2,2026-08-04 08:14:57.444714+00,[],null,null,1,null,[]
6fb6f43d-b98d-49df-8f39-3b6baf2d8260,pc200t,889FI-SH804S-NEW,2026-08-04 03:46:50.342859+00,[],null,0.2025,1,null,[]
beea5a42-f900-483b-966c-68e8c95cbe0b,pc200t,D73F0-CN010S,2026-07-17 06:35:11.487156+00,[],null,0.20500000000000002,1,14019.69,[]
93ae2b5f-a725-4fa7-8826-64b88e864562,tandem,53322-0D080,2026-07-22 03:29:50.645646+00,[],null,null,1,26079.69,[]
8b9868a8-1475-42ac-ad0e-d5cf7a720e97,tandem,53322-0D090,2026-07-22 03:29:50.645646+00,[],null,null,1,28746.45,[]
baa22a89-1039-4195-9514-75d0569468b7,tandem,53322-0D120,2026-07-22 03:29:50.645646+00,[],null,null,1,22967.87,[]
a03f5d15-6d94-4090-8995-78227506e971,tandem,53322-0D150,2026-07-22 03:29:50.645646+00,[],null,null,1,21955.3,[]
f41c8639-c128-433f-85be-804de8b4b87a,pc200t,D98E7-CN505S,2026-07-17 06:35:11.487156+00,[],null,0.20500000000000002,1,22928.28,[]
09a82d19-1fe3-4bef-958d-2493cdf81248,pc200t,D98E7-SH504S,2026-07-17 06:35:11.487156+00,[],null,0.20500000000000002,1,27314.99,[]
ef2bb1f7-3895-4c3e-9e5b-d99e3f822951,pc200t,D98E7-SH504S-D,2026-08-04 03:46:50.342859+00,[],null,0.1,1,null,[]
3b0a1ea5-0b4c-4c9a-ba50-5118d2993a6e,tandem,46512-77M00,2026-07-17 06:35:11.487156+00,[],null,0.25333333333333335,1,258843.77,[]
94d1ce09-f16a-4cfc-a8ef-6fb80c911a3d,tandem,46513-77M00,2026-07-17 06:35:11.487156+00,[],null,0.25333333333333335,1,258843.77,[]
9a5e4d2f-d77e-49b9-ac9b-2e6aab1882a4,tandem,46514-77M00,2026-07-22 03:29:50.645646+00,[],null,0.20333333333333334,1,15717.25,[]
994509a7-90a7-4b4c-a97f-8381b80f38eb,tandem,46515-77M00,2026-07-22 03:29:50.645646+00,[],null,0.20333333333333334,1,15717.25,[]
3bc0e96a-3b05-489e-a5e8-6796d1a833fc,tandem,57656-0D110,2026-07-22 03:29:50.645646+00,[],null,null,1,37779.32,[]
b574e16d-70f2-4191-ad02-16a18d30456a,tandem,46541-77M00,2026-07-22 03:29:50.645646+00,[],null,0.20333333333333334,1,24024.22,[]
c6f51f28-a932-4d35-bde5-3aabef8ed8e0,tandem,46542-77M00,2026-07-22 03:29:50.645646+00,[],null,0.20333333333333334,1,24024.22,[]
fd9a4545-faa1-4b73-bea4-b700a72100ad,tandem,58114-0D110-001,2026-07-22 03:29:50.645646+00,[],null,null,1,21937.83,[]
ae2d3849-7e3c-4f47-afa8-76126497776a,tandem,58161-0D120-001,2026-07-22 03:29:50.645646+00,[],null,null,1,31901.19,[]
2768f0a7-4924-4cd5-a02c-0d37cd8cd7ec,tandem,58161-0D150-001,2026-07-22 03:29:50.645646+00,[],null,null,1,32171.79,[]
4e317123-3f66-42b1-99c1-42c46c5ecf16,tandem,58227-0D080-001,2026-07-22 03:29:50.645646+00,[],null,null,1,38299.3,[]
ac41cf13-419d-427e-b3db-7f6759dd1b56,tandem,58228-0D080-001,2026-07-22 03:29:50.645646+00,[],null,null,1,38299.3,[]
d1df8dd1-3fe8-4f7f-878c-a38d88b8ce3d,tandem,58371-0D310-001,2026-07-22 03:29:50.645646+00,[],null,null,1,117893.89,[]
43f646ac-5d5f-4225-a0e0-bb80e385ae71,tandem,46543-77M00,2026-07-22 03:29:50.645646+00,[],null,0.10133333333333334,1,30122.62,[]
873d337a-825b-4d11-865b-118315c012cf,tandem,46544-77M00,2026-07-22 03:29:50.645646+00,[],null,0.10133333333333334,1,30122.62,[]
dd91950e-477b-4fe8-9168-7275e344f91d,tandem,53324-0D190,2026-07-22 03:29:50.645646+00,[],null,0.20666666666666667,1,8470.83,[]
80ec15ce-b1fd-4d91-932f-8b3eb7689619,tandem,53721-0D070-001,2026-07-21 01:12:07.288115+00,[],null,0.10133333333333334,0.5,14586.85,[]
cc667f9b-3962-4698-a907-67c7b890a0b7,tandem,53722-0D060-001,2026-07-21 01:12:07.288115+00,[],null,0.10133333333333334,0.5,14586.85,[]
77d0f4f6-65a9-4410-bc14-96c1d84800f7,tandem,61135-0D130-001,2026-07-22 03:29:50.645646+00,[],null,null,1,79561.83,[]
68f2ef6a-7642-4c6c-9f70-47228b8b3ad8,tandem,53731-VT020-001,2026-08-04 03:46:50.342859+00,[],null,0.07521739130434782,0.5,null,[]
60c71641-f090-45c6-9044-c1eeb8de93b9,tandem,61136-0D110-001,2026-07-18 02:44:49.57928+00,[],null,null,1,44368.88,[]
7b8e041a-2caa-4cc2-87ab-bba145079ab9,tandem,61136-0D130-001,2026-07-22 03:29:50.645646+00,[],null,null,1,79561.83,[]
fc2c6a85-373b-4810-a5d6-d5a72a2b544d,tandem,53733-0D030,2026-07-21 01:12:07.288115+00,[],null,0.10166666666666667,0.5,24378.21,[]
1b5f0e7b-69fc-4e30-bf9a-0cd0207c13df,tandem,53734-0D030,2026-07-21 01:12:07.288115+00,[],null,0.10166666666666667,0.5,24378.21,[]
831e2e63-2ebb-4acb-b52c-75d5ef26e17f,tandem,57621-VT020,2026-07-21 01:12:07.288115+00,[],null,0.10222222222222223,0.5,45272.41,[]
f09be174-bd66-435d-8ae6-a42e7ecd86a8,tandem,61153-0D140-001,2026-07-22 03:29:50.645646+00,[],null,null,1,5579.94,[]
56aa1f0b-74a6-46fc-9831-17359666fcd5,tandem,61154-0D140-001,2026-07-22 03:29:50.645646+00,[],null,null,1,5579.94,[]
8728876f-8a6d-475d-8e55-e93e629589a2,tandem,61161-0D190-001,2026-07-22 03:29:50.645646+00,[],null,null,1,22676.4,[]
9511e64c-5a7d-4b43-984e-0e7a316b3e57,tandem,61161-0D240-001,2026-07-22 03:29:50.645646+00,[],null,null,1,46533.86,[]
b2b4a98a-7366-4b60-8e93-579a9ab7c063,tandem,57622-VT020,2026-07-21 01:12:07.288115+00,[],null,0.10222222222222223,0.5,45480.41,[]
b1e60a0a-8f3f-48a1-bef6-f0cdd7343cf2,tandem,61162-0D190-001,2026-07-22 03:29:50.645646+00,[],null,null,1,22676.4,[]
bf01fb76-2cd4-4270-9d02-98aab5a5a232,tandem,61162-0D240-001,2026-07-22 03:29:50.645646+00,[],null,null,1,46533.86,[]
2caeedae-55b3-4185-9b3f-ac09bf280027,tandem,57661-0D100-BL,2026-08-04 03:46:50.342859+00,[],null,3.0,1,null,[]
0a305c8b-edea-40e2-b7a4-5e00ff59d5c5,tandem,61179-0D010,2026-07-22 03:29:50.645646+00,[],null,null,1,56123.81,[]
316a82c5-8b0a-4b49-b5aa-f610803b5709,tandem,61189-0D010,2026-07-22 03:29:50.645646+00,[],null,null,1,56123.81,[]
1184be25-3ec9-42dd-94c4-68b0e6e8fd97,tandem,57721-0D090-001,2026-07-17 06:35:11.487156+00,[],null,0.20444444444444446,1,37127.05,[]
aebcc8ec-c481-443b-8779-d6cf1db584f6,tandem,57722-0D090-001,2026-07-17 06:35:11.487156+00,[],null,0.20444444444444446,1,37127.05,[]
b5fbdf46-a15b-43da-b9db-37bc908783e0,tandem,61231-0D150-001,2026-07-22 03:29:50.645646+00,[],null,null,1,20912.33,[]
f3cb6674-408c-40d0-b4df-4f63be908880,tandem,58391-0D050-001,2026-07-22 03:29:50.645646+00,[],null,0.20444444444444446,1,13335.21,[]
d3617966-6bb9-45cb-91c6-dbd99636d083,tandem,61232-0D140-001,2026-07-22 03:29:50.645646+00,[],null,null,1,20912.33,[]
0acc462f-6a2a-430b-83ea-e6a1f1b7255c,tandem,58392-0D050-001,2026-07-22 03:29:50.645646+00,[],null,0.20444444444444446,1,13335.21,[]
7f314821-6a77-493c-ad2a-6b6a59665b45,tandem,59311-74U00,2026-07-17 06:35:11.487156+00,[],null,0.406666666666666,1,72124.48,[]
b246cbc2-7ba2-4ab3-98ea-af6b44f1be43,tandem,59311-74U10,2026-07-17 06:35:11.487156+00,[],null,0.406666666666666,1,72124.48,[]
77e38330-90af-47cd-ad98-cb2bc7df97a2,tandem,61323-0D040,2026-07-22 03:29:50.645646+00,[],null,null,1,3736.04,[]
7fe1e78b-5384-41ef-855d-4f5d2f3e5698,tandem,61324-0D040,2026-07-22 03:29:50.645646+00,[],null,null,1,3736.04,[]
87988965-c925-41e3-8f82-0f6aa11082e7,tandem,61411-0D170,2026-07-22 03:29:50.645646+00,[],null,null,1,73125.64,[]
dcd8f9a3-404c-4f62-a95b-aae80ea438df,tandem,61135-0D110-001,2026-07-18 02:44:38.892036+00,[],null,0.20333333333333334,1,44368.88,[]
751f4ab0-ddb0-4313-9179-2edbf23aee8f,tandem,61135-KK010-001,2026-07-17 06:35:11.487156+00,[],null,0.25333333333333335,1,43683.58,[]
1bfd8ad4-6547-4691-ab56-8a3378facef9,tandem,61421-0D010,2026-07-22 03:29:50.645646+00,[],null,null,1,73120.19,[]
2b64136f-1920-4cf3-aaf8-7a5c4614298b,tandem,61515-0D010-001,2026-07-22 03:29:50.645646+00,[],null,null,1,25874.47,[]
2df67d7d-dbbf-4c52-9ba2-90ca648f0b69,tandem,61515-0D020-001,2026-07-22 03:29:50.645646+00,[],null,null,1,25874.47,[]
c9a0c57b-6dd3-4ed2-bac4-611ddbcf973b,tandem,61516-0D010-001,2026-07-22 03:29:50.645646+00,[],null,null,1,25874.47,[]
cced9e8e-81a5-429a-9972-3fd5383f0fbf,tandem,61516-0D020-001,2026-07-22 03:29:50.645646+00,[],null,null,1,25874.47,[]
91f65c40-dcf3-41fb-b3f5-be6069b6e04c,tandem,61136-KK010-001,2026-07-17 06:35:11.487156+00,[],null,0.25333333333333335,1,43683.58,[]
135bc5a3-6230-4f18-bf7b-6de8f9169674,tandem,61141-KK010-001,2026-07-17 06:35:11.487156+00,[],null,0.20666666666666667,1,5462.34,[]
bb64781e-fa26-4684-b21e-acd6e7c064ed,tandem,61142-KK010,2026-07-17 06:35:11.487156+00,[],null,0.20444444444444446,1,5768.51,[]
ce4c94de-a4a7-4336-b26f-7b6cb4a2feca,tandem,61161-KK010-001,2026-07-17 06:35:11.487156+00,[],null,0.20222222222222222,1,51961.85,[]
ec1c7375-d7cc-4629-b5f4-e0b91d5e9c3d,tandem,61162-KK010-001,2026-07-17 06:35:11.487156+00,[],null,0.20222222222222222,1,51961.85,[]
f41902e6-9ef5-4baa-af28-81d9ff971fcd,tandem,63133-0D110,2026-07-22 03:29:50.645646+00,[],null,null,1,13544.71,[]
8330951d-7ab3-4bbe-9c72-e097b53b71d6,tandem,63133-0D140,2026-07-22 03:29:50.645646+00,[],null,null,1,14403.86,[]
e0b9f726-16e8-4cf7-a7c3-1a8fa8b97e08,tandem,63134-0D110-001,2026-07-22 03:29:50.645646+00,[],null,null,1,17873.82,[]
f14ad5e8-2308-4d45-ade3-d7088e8c50c5,tandem,63144-0D110,2026-07-22 03:29:50.645646+00,[],null,null,1,8559.77,[]
8145612c-9b21-4d72-bf87-4f73af91e4b1,tandem,64112-0D020,2026-07-22 03:29:50.645646+00,[],null,null,1,46751.87,[]
e7fa0204-6fdd-426c-baed-5cbf2ed9bab5,tandem,64211-0D090-001,2026-07-22 03:29:50.645646+00,[],null,null,1,19057.4,[]
4cbc3b2a-24d8-43d4-aba7-86d8f3e7c5d9,tandem,64212-0D090-001,2026-07-22 03:29:50.645646+00,[],null,null,1,21617.04,[]
66cf890d-caa5-4f78-b34e-737f59f42cb6,tandem,64213-0D140-001,2026-07-22 03:29:50.645646+00,[],null,null,1,8399.62,[]
c350dcad-0371-4def-ae8b-3f36bd999b1d,tandem,64214-0D140-001,2026-07-22 03:29:50.645646+00,[],null,null,1,5952.72,[]
9d7b53b9-e5f9-4537-b902-a13fa487ec0c,tandem,64312-0D080,2026-07-22 03:29:50.645646+00,[],null,null,1,12223.0,[]
3297e73f-3133-4984-b66a-8cdd810c9205,tandem,64312-0D130,2026-07-22 03:29:50.645646+00,[],null,null,1,6775.22,[]
46d7d33e-8ee6-4392-abbf-71ef689a8009,tandem,64313-0D080,2026-07-22 03:29:50.645646+00,[],null,null,1,12223.0,[]
0951afd8-859b-4421-bb5f-3771a78312a7,tandem,64313-0D130,2026-07-22 03:29:50.645646+00,[],null,null,1,6775.22,[]
8d392bf6-e6d7-4d84-94a1-46f6126f33fa,tandem,61211-KK010,2026-07-17 06:35:11.487156+00,[],null,0.20333333333333334,1,38099.37,[]
7fbb1531-e651-40f7-af12-0cedc57461c7,tandem,61212-KK010,2026-07-17 06:35:11.487156+00,[],null,0.20333333333333334,1,38099.37,[]
5b3beab1-568e-4b3a-b457-3250b0f63f18,tandem,61231-0D180-001,2026-07-18 02:50:44.526014+00,[],null,0.2026666666666667,1,18729.69,[]
91b2c31a-2c7e-4362-b33b-e2d732868088,tandem,61232-0D180-001,2026-07-18 02:50:55.248941+00,[],null,0.2026666666666667,1,18729.69,[]
1c464bf7-e96f-41f3-98cf-9e70a15a70f2,tandem,61233-0D340-001,2026-07-21 01:12:07.288115+00,[],null,1.0,0.5,10164.6,[]
1d8a54e0-0f3b-4fda-9bb9-75ed4c8e6b24,tandem,61234-0D340-001,2026-07-21 01:12:07.288115+00,[],null,1.0,0.5,10164.6,[]
c9f7ecc0-8182-4ec7-99fc-7ef721041180,tandem,61328-BZ240-001,2026-08-04 03:46:50.342859+00,[],null,0.16285714285714287,1,null,[]
cda621dc-d31e-479c-bc69-5e356e8405dd,tandem,61415-0D120,2026-07-21 01:12:07.288115+00,[],null,0.10222222222222223,0.5,19431.03,[]
a4a5c314-0211-4045-a30d-fa0817f18b78,tandem,61416-0D120,2026-07-21 01:12:07.288115+00,[],null,0.10222222222222223,0.5,19431.03,[]
979bdb1a-9fc0-4709-b239-b252e16889d2,tandem,62111-73R00-001,2026-07-17 06:35:11.487156+00,[],null,0.2026666666666667,1,108711.46,[]
fce1a343-d4a6-4762-9fb1-ea802ccb0cd2,tandem,62114-73R00,2026-07-21 01:12:07.288115+00,[],null,0.10166666666666667,0.5,7482.27,[]
13df8cc6-c0a6-431e-8e45-a5df62835126,tandem,62115-73R00,2026-07-21 01:12:07.288115+00,[],null,0.10166666666666667,0.5,20035.89,[]
bb750276-ac7a-4c16-b1d5-2adb1c6860f2,tandem,62118-73R00,2026-07-21 01:12:07.288115+00,[],null,0.10333333333333333,0.5,4377.01,[]
97457c0f-4afa-417c-be1e-88005f7c2fdd,tandem,62121-73R00-001,2026-07-17 06:35:11.487156+00,[],null,0.20333333333333334,1,21749.1,[]
58639779-1477-4bf3-a7cb-f5129830bdf8,tandem,62133-73R00,2026-07-17 06:35:11.487156+00,[],null,0.20333333333333334,1,14122.31,[]
122b4b1f-e6ab-436a-b741-f3605504e13a,tandem,62211-73R00,2026-07-21 01:12:07.288115+00,[],null,0.10133333333333334,0.5,57732.54,[]
c9873eb4-fa32-4655-91ab-d515b706924c,tandem,62311-73R00-001,2026-07-17 06:35:11.487156+00,[],null,0.2026666666666667,1,109140.15,[]
763a6c11-f769-4375-8dab-2727fa6e7b40,tandem,62314-73R00,2026-07-21 01:12:07.288115+00,[],null,0.10166666666666667,0.5,7482.27,[]
825cb034-c94d-49f2-9cd5-22f7ab7bd091,transfer_2000t,55712-0D160-001,2026-07-22 03:29:50.645646+00,[],null,null,1,61034.86,[]
dc197aad-b251-41ba-ad5e-fb7bbbbf6085,transfer_2000t,55713-0D150,2026-07-22 03:29:50.645646+00,[],null,null,1,13762.46,[]
d2c1fde3-746e-4ae1-8205-b4001cf0e2e0,tandem,62315-73R00,2026-07-21 01:12:07.288115+00,[],null,0.10166666666666667,0.5,20035.89,[]
f6776fa7-f36c-4572-a0d3-c5ef5384e7f1,transfer_2000t,55714-0D150,2026-07-22 03:29:50.645646+00,[],null,null,1,13762.46,[]
0d3246ee-74a0-4c71-94b7-61778e8985a2,tandem,62318-73R00,2026-07-21 01:12:07.288115+00,[],null,0.10333333333333333,0.5,4377.01,[]
54c07696-e167-4110-8e87-d2eb6e641209,transfer_2000t,55741-0D191-001,2026-07-22 03:29:50.645646+00,[],null,null,1,69909.52,[]
7d95450e-51b6-4ecf-9cf6-52abedff229f,tandem,62321-73R00-001,2026-07-17 06:35:11.487156+00,[],null,0.20333333333333334,1,21749.1,[]
757af057-c427-400f-b8dd-c2b64ec623a7,transfer_2000t,55741-0D240-001,2026-07-22 03:29:50.645646+00,[],null,null,1,89579.39,[]
d10d5921-0162-42fe-ad78-7b36d3a94201,tandem,62333-73R00,2026-07-17 06:35:11.487156+00,[],null,0.20333333333333334,1,14152.97,[]
31708b1e-5f91-4006-9cb0-7cfa7b4376f9,tandem,62411-73R00,2026-07-21 01:12:07.288115+00,[],null,0.10133333333333334,0.5,57732.54,[]
8de247b7-ec66-4812-9e60-8d336307cd37,tandem,67175-0D110,2026-07-21 01:12:07.288115+00,[],null,0.07818181818181819,0.5,null,[]
0e5bd253-be27-4df8-899c-0bb992bb8c09,tandem,67176-0D100,2026-07-21 01:12:07.288115+00,[],null,0.07818181818181819,0.5,null,[]
a3239d16-9bef-4794-a90a-9420b401b910,tandem,74U00-FLP01S,2026-07-17 06:35:11.487156+00,[],null,0.4066666666666667,1,22776.8,[]
6c27e068-0d0d-4b03-9e4b-7f7456635288,tandem,74U00-SH803S,2026-07-17 06:35:11.487156+00,[],null,0.4066666666666667,1,36365.02,[]
f8a3101d-3694-4402-a251-34c84247c657,tandem,74U00-SH804S,2026-07-17 06:35:11.487156+00,[],null,0.40444444444444444,1,38043.37,[]
7c4ae5d8-eb4d-477d-bf73-2555cc6401bd,tandem,74U50-FL001S,2026-07-17 06:35:11.487156+00,[],null,0.4066666666666667,1,29227.66,[]
b8bb0e2c-dbe7-40ea-976b-429c3098e6a5,tandem,74U50-SH403S,2026-07-17 06:35:11.487156+00,[],null,0.4026666666666666,1,56033.54,[]
298a784b-23e1-4002-b5a9-f4b5d9c0f9ef,tandem,74U50-SH404S,2026-07-17 06:35:11.487156+00,[],null,0.4026666666666666,1,55126.87,[]
cd464ee6-9a78-437c-9677-031774e73b63,tandem,74U50-SH407S,2026-07-22 03:29:50.645646+00,[],null,0.203333333333333,1,26761.18,[]
d5da5a82-14d7-4802-aadf-cd6b58142bf8,tandem,74U50-SH408S,2026-07-22 03:29:50.645646+00,[],null,0.203333333333333,1,26009.1,[]
1606576d-cf02-4317-b102-70b21d263def,tandem,889FI-SH803S,2026-08-04 03:46:50.342859+00,[],null,0.20500000000000002,1,null,[]
98e83b92-2011-4775-b866-a260171f79c6,tandem,D98E7-FLP01S,2026-07-17 06:35:11.487156+00,[],null,0.10666666666666667,0.5,20330.83,[]
48ce7c55-aea0-4fdf-8030-c43518a4c55c,tandem,D98E7-FLP01S-NEW,2026-07-21 01:12:07.288115+00,[],null,0.10666666666666667,0.5,null,[]
fc9e1d25-7b69-44e4-89de-766156aa3b57,transfer_2000t,58371-0D150,2026-07-22 03:29:50.645646+00,[],null,null,1,102177.22,[]
bcbb5b5e-cd5c-4153-ad29-9fb331e9b1b1,transfer_2000t,58371-0D160,2026-07-22 03:29:50.645646+00,[],null,null,1,95555.32,[]
a3bfa026-b080-41d3-a54d-e49a41d018b2,transfer_2000t,45811-67L80-001,2026-07-17 06:35:11.487156+00,[],null,0.15636363636363637,1,132943.76,[]
0d7de109-ac4b-4f8e-a271-b856b11fc6f0,transfer_2000t,45812-67L80,2026-07-17 06:35:11.487156+00,[],null,0.15636363636363637,1,147951.27,[]
b1181b56-b50a-4479-bf79-39d78f4336ef,transfer_2000t,58375-0D130,2026-07-22 03:29:50.645646+00,[],null,null,1,47841.88,[]
7e35fe25-9f45-4f15-8837-d1be6c32020f,transfer_2000t,58375-0D140-001,2026-07-22 03:29:50.645646+00,[],null,null,1,46021.54,[]
81c7a322-2ac5-482e-8495-feb0feb75f77,transfer_2000t,53723-0D060,2026-07-21 01:12:07.288115+00,[],null,0.07818181818181819,0.5,11724.91,[]
4e92aede-a82e-4c2c-9ec5-ef97f5b25cda,transfer_2000t,58375-0D290,2026-07-22 03:29:50.645646+00,[],null,null,1,44094.69,[]
c60b6fbd-167f-451a-b610-3fa4751d1ee8,transfer_2000t,53724-0D060,2026-07-21 01:12:07.288115+00,[],null,0.07818181818181819,0.5,11724.91,[]
7d049950-bf37-420e-aba5-131f1027afd4,transfer_2000t,61121-0D160-001,2026-07-22 03:29:50.645646+00,[],null,null,1,21324.44,[]
eb0b7330-e18d-41f2-a8fa-b4d3f4d78d08,transfer_2000t,61121-0D200-001,2026-07-22 03:29:50.645646+00,[],null,null,1,60846.7,[]
2aed01a0-a769-46be-b4e2-2ab66b1c1192,transfer_2000t,61122-0D160-001,2026-07-22 03:29:50.645646+00,[],null,null,1,21324.44,[]
567065b3-7834-4495-a98f-8aa2887c6d05,transfer_2000t,61137-0D180-001,2026-07-22 03:29:50.645646+00,[],null,null,1,70951.33,[]
11a728e2-2389-4b83-bd9b-d52e7b6b9a60,transfer_2000t,53731-VT020-001,2026-07-21 01:12:07.288115+00,[],null,0.07521739130434782,0.5,36608.39,[]
ec81dfce-5ddf-423d-bff5-931132bf3398,transfer_2000t,53732-VT020-001,2026-07-21 01:12:07.288115+00,[],null,0.07521739130434782,0.5,36608.39,[]
ec5a0ae8-c7ec-4e2e-9a95-c128b1db5e90,transfer_2000t,61138-0D180-001,2026-07-22 03:29:50.645646+00,[],null,null,1,70920.18,[]
e30ae4fe-1f56-45e3-a1bc-dd9a483c9f86,transfer_2000t,53735-VT020-001,2026-07-17 06:35:11.487156+00,[],null,0.15043478260869564,1,37453.8,[]
52cec147-4344-45d3-b7c8-dcb3d89dd357,transfer_2000t,53736-VT020-001,2026-07-17 06:35:11.487156+00,[],null,0.15043478260869564,1,37707.37,[]
d3b6b118-0970-4fd5-80c3-0e98d40f0171,transfer_2000t,55135-0D141-001,2026-07-17 06:35:11.487156+00,[],null,0.15636363636363637,1,29729.39,[]
83eb6bc7-dae7-424e-a9d7-19660a34846b,transfer_2000t,61153-0D160-001,2026-07-22 03:29:50.645646+00,[],null,null,1,12874.11,[]
7bddb447-066f-4035-a315-4397a99e1bfb,transfer_2000t,61154-0D160-001,2026-07-22 03:29:50.645646+00,[],null,null,1,12874.11,[]
978b69bf-12de-41bd-8f8d-759494e99c30,transfer_2000t,61213-0D210,2026-07-22 03:29:50.645646+00,[],null,null,1,43542.7,[]
5eff4825-4514-4116-8f02-4ccba6d6bf46,transfer_2000t,61214-0D210,2026-07-22 03:29:50.645646+00,[],null,null,1,43511.55,[]
4f29774c-15a7-434f-af76-126696549b77,transfer_2000t,61215-0D010,2026-07-22 03:29:50.645646+00,[],null,null,1,13427.0,[]
023abd41-002e-44b6-8aae-92c845d2fca7,transfer_2000t,61216-0D010,2026-07-22 03:29:50.645646+00,[],null,null,1,13427.0,[]
029a9a9e-6404-4aef-876b-df3e9e96f308,transfer_2000t,55713-0D200,2026-07-21 01:12:07.288115+00,[],null,0.07818181818181819,0.5,10913.45,[]
2f9360d9-f61b-4157-9be4-f181d7cce1cd,transfer_2000t,55714-0D200,2026-07-21 01:12:07.288115+00,[],null,0.07818181818181819,0.5,10913.45,[]
983d715e-807b-4cc3-883d-8bdb7aaeb19b,transfer_2000t,61233-0D280,2026-07-22 03:29:50.645646+00,[],null,null,1,93045.03,[]
b3a9e87d-2438-40c6-8505-adbd3b720097,transfer_2000t,55741-0D201-001,2026-07-17 06:35:11.487156+00,[],null,0.15636363636363637,1,69909.52,[]
8f73abce-b4ae-487f-aa59-da6b4eff70fc,transfer_2000t,61234-0D280,2026-07-22 03:29:50.645646+00,[],null,null,1,93076.18,[]
2504b9d2-b65f-4d0c-a6f3-88c87672bd5f,transfer_2000t,57155-0D070-001,2026-07-17 06:35:11.487156+00,[],null,0.15636363636363637,1,76696.21,[]
cd86b4b5-060a-4a62-b45b-3ee86796973c,transfer_2000t,61245-0D030,2026-07-22 03:29:50.645646+00,[],null,null,1,12147.13,[]
c1b96293-390f-4a90-baa5-2508dcd97807,transfer_2000t,61246-0D030,2026-07-22 03:29:50.645646+00,[],null,null,1,12147.13,[]
4eb1a49b-4f45-4861-8737-a5fdce475f31,transfer_2000t,57156-0D030-001,2026-07-17 06:35:11.487156+00,[],null,0.15636363636363637,1,70174.71,[]
a2f846de-7845-4d6f-85bd-b941ec9d1f55,transfer_2000t,57197-0D060,2026-07-21 01:12:07.288115+00,[],null,0.07818181818181819,0.5,20098.06,[]
c0ad2133-1e02-4961-a02a-e5e73fe4ccae,transfer_2000t,61337-BZ140-001,2026-07-22 03:29:50.645646+00,[],null,null,1,42287.97,[]
22e7bf5f-a7b4-4213-9fba-bf38a1482a03,transfer_2000t,61338-BZ120-001,2026-07-22 03:29:50.645646+00,[],null,null,1,42287.97,[]
4b8f4ad6-3abf-4180-83a6-fc1892b5d529,transfer_2000t,61343-0D180-001,2026-07-22 03:29:50.645646+00,[],null,null,1,55804.1,[]
b8a33a3d-1067-4640-91d5-df3644258d0e,transfer_2000t,57198-0D060,2026-07-21 01:12:07.288115+00,[],null,0.07818181818181819,0.5,20098.06,[]
4217dd3c-d348-4231-8a84-115c879f9de9,transfer_2000t,61344-0D180-001,2026-07-22 03:29:50.645646+00,[],null,null,1,55804.1,[]
89f410f5-64c9-4295-b8ab-cdda14935b00,transfer_2000t,57221-0D090-001,2026-07-21 01:12:07.288115+00,[],null,0.07818181818181819,0.5,25379.03,[]
d29640f6-0256-4edc-8589-0cb132b81fa6,transfer_2000t,61411-0D170-001,2026-07-22 03:29:50.645646+00,[],null,null,1,71070.51,[]
f22b7d13-7e61-439f-bdd8-3ea586ad2e00,transfer_2000t,61412-0D170,2026-07-22 03:29:50.645646+00,[],null,null,1,70691.53,[]
1a7c2acc-a0b9-40bd-b53f-e77a02c1f060,transfer_2000t,61421-0D010-001,2026-07-22 03:29:50.645646+00,[],null,null,1,71036.91,[]
bf5e0dac-e698-4aa2-93c0-efa9f99f09ab,transfer_2000t,61422-0D010,2026-07-22 03:29:50.645646+00,[],null,null,1,70691.53,[]
35098c0b-81a5-4505-af9f-5a8e8029ce48,transfer_2000t,61425-0D060,2026-07-22 03:29:50.645646+00,[],null,null,1,20104.52,[]
842bf2b2-29d9-4565-8254-3d62b1b9a807,transfer_2000t,61426-0D040,2026-07-22 03:29:50.645646+00,[],null,null,1,20104.52,[]
2956e78b-5e97-4894-8fbe-5cb7926258c2,transfer_2000t,61431-0D020,2026-07-22 03:29:50.645646+00,[],null,null,1,52521.35,[]
dbbae5a7-0e24-4132-a209-1ec59948f824,transfer_2000t,61432-0D020,2026-07-22 03:29:50.645646+00,[],null,null,1,52521.35,[]
ac1dd821-c7bf-4e33-978c-beff53e909bc,transfer_2000t,61433-0D270-001,2026-07-22 03:29:50.645646+00,[],null,null,1,127612.32,[]
8f051708-e8d0-44f0-a26c-19f70c05a62c,transfer_2000t,61433-0D280,2026-07-22 03:29:50.645646+00,[],null,null,1,29905.07,[]
e0c1223c-588a-4afe-a851-c7c9eb8dfd70,transfer_2000t,57222-0D080-001,2026-07-21 01:12:07.288115+00,[],null,0.07818181818181819,0.5,25379.03,[]
11bc31cd-3d01-4d1c-b186-7e770cbae8e3,transfer_2000t,61434-0D270-001,2026-07-22 03:29:50.645646+00,[],null,null,1,127612.32,[]
35f81988-fcdf-41be-b00a-0d3b138e64f6,transfer_2000t,61434-0D280,2026-07-22 03:29:50.645646+00,[],null,null,1,29905.07,[]
60e0efce-8d26-48bf-99a0-8412947a3871,transfer_2000t,57488-0D040,2026-07-21 01:12:07.288115+00,[],null,0.07,0.5,22864.96,[]
01fa08cd-5089-42e1-a271-a0083827372a,transfer_2000t,57489-0D040,2026-07-21 01:12:07.288115+00,[],null,0.07,0.5,22864.96,[]
e47ac1b2-6b7a-418d-8a97-15a457a55e61,transfer_2000t,57613-VT020-001,2026-07-17 06:35:11.487156+00,[],null,0.16285714285714287,1,123456.12,[]
6856cb35-1e07-4f1b-bf65-259a1d9e5019,transfer_2000t,63141-0D180-001,2026-07-22 03:29:50.645646+00,[],null,null,1,31250.26,[]
4a32d13d-d3c3-4132-ac55-1169301d65b7,transfer_2000t,64111-0D090-001,2026-07-22 03:29:50.645646+00,[],null,null,1,42134.41,[]
9eca5b31-dada-4185-b19e-156edf734a28,transfer_2000t,64111-0D190-001,2026-07-22 03:29:50.645646+00,[],null,null,1,38494.0,[]
556e02e4-e89d-4502-a6f2-953d37b42875,transfer_2000t,64112-0D020-001,2026-07-22 03:29:50.645646+00,[],null,null,1,44723.29,[]
8654001c-5d33-4bd0-a910-c844508a1fb4,transfer_2000t,64112-0D090,2026-07-22 03:29:50.645646+00,[],null,null,1,43121.9,[]
0634d58e-e412-46bb-855b-44c052c30e12,transfer_2000t,64115-0D060,2026-07-22 03:29:50.645646+00,[],null,null,1,29080.86,[]
2fc2ec9e-5d65-41d4-ae1d-0f261fd9febf,transfer_2000t,64115-0D140,2026-07-22 03:29:50.645646+00,[],null,null,1,29895.61,[]
b076c98e-c821-4699-bb7b-52c9f9b6ba9d,transfer_2000t,67121-0D140,2026-07-22 03:29:50.645646+00,[],null,null,1,10101.28,[]
814478ae-b396-40cb-9e8c-188aec826e11,transfer_2000t,57614-VT020-001,2026-07-17 06:35:11.487156+00,[],null,0.16285714285714287,1,123456.12,[]
2eb5f61a-5c4d-4573-9a5a-57f52f221f32,transfer_2000t,57652-0D140,2026-07-17 06:35:11.487156+00,[],null,0.15636363636363637,1,90421.62,[]
b78d3495-411c-49bd-a7ea-64b6a2080697,transfer_2000t,67122-0D140,2026-07-22 03:29:50.645646+00,[],null,null,1,10101.28,[]
1aeb7784-687a-4625-9a11-6520682a859d,transfer_2000t,57659-0D090,2026-07-17 06:35:11.487156+00,[],null,0.15636363636363637,1,153195.86,[]
27676866-788a-444d-be5a-fca883e021bb,transfer_2000t,57661-0D100,2026-07-17 06:35:11.487156+00,[],null,1.9500000000000002,1,63171.83,[]
9eda7c2d-94a2-4a84-9830-c56710ef95b7,transfer_2000t,67125-0D120,2026-07-22 03:29:50.645646+00,[],null,null,1,8034.04,[]
f0387b2d-f9c9-4e64-9ab1-04c638cad63f,transfer_2000t,58227-0D070-001,2026-07-21 01:12:07.288115+00,[],null,0.07818181818181819,0.5,22418.27,[]
ac972ddd-fc45-4daa-98bd-527ba977a4e1,transfer_2000t,58228-0D070-001,2026-07-21 01:12:07.288115+00,[],null,0.07818181818181819,0.5,22418.27,[]
9de3873c-a637-45d2-ab6b-5635cc9c7240,transfer_2000t,67126-0D120,2026-07-22 03:29:50.645646+00,[],null,null,1,8034.04,[]
e4726934-d7aa-4d18-9412-94948bc4de89,transfer_2000t,58371-0D200-001,2026-07-17 06:35:11.487156+00,[],null,0.15636363636363637,1,52556.9,[]
38b9d9be-c5fb-4033-86ac-fda3196f7535,transfer_2000t,58371-0D270-001,2026-07-17 06:35:11.487156+00,[],null,0.15636363636363637,1,120517.52,[]
86b4dfed-ab58-4477-b63c-798bfab0748d,transfer_2000t,67175-0D110,2026-07-22 03:29:50.645646+00,[],null,null,1,13551.21,[]
1f462348-1183-418a-89be-3763d16ba6ce,transfer_2000t,67176-0D100,2026-07-22 03:29:50.645646+00,[],null,null,1,13551.21,[]
9f9aca4b-767e-4461-9580-ef51d187c086,transfer_2000t,67188-0D090,2026-07-22 03:29:50.645646+00,[],null,null,1,16225.36,[]
c7773cc6-631a-456f-86c7-c425aa7c3a55,transfer_2000t,67189-0D070,2026-07-22 03:29:50.645646+00,[],null,null,1,16225.36,[]
9ffadc65-f7de-4cc5-8f4d-df3a6c5e0060,transfer_800t,53324-0D160,2026-07-22 03:29:50.645646+00,[],null,null,1,13910.02,[]
adaa612e-8b83-4edf-8b50-666687b23b7a,transfer_800t,53727-0D090,2026-07-22 03:29:50.645646+00,[],null,null,1,26644.69,[]
a7c101ac-8cc5-42d8-97a9-f51b3b6ba9d4,transfer_800t,53728-0D100,2026-07-22 03:29:50.645646+00,[],null,null,1,26644.69,[]
ff4a0b01-accb-4727-8075-ded5a5b8c8ec,transfer_800t,55725-0D050,2026-07-22 03:29:50.645646+00,[],null,null,1,4185.03,[]
ddf8f55c-c08e-4ced-b46e-f9dc949c56a2,transfer_800t,55726-0D050,2026-07-22 03:29:50.645646+00,[],null,null,1,4185.03,[]
62fd1b47-3036-4b69-b861-c58343ba22d6,transfer_800t,55745-0D140,2026-07-22 03:29:50.645646+00,[],null,null,1,18082.59,[]
8cf7c6cf-1b17-433b-ae6e-3bf40cdcf646,blanking,D98E7-SH503S-BL,2026-07-17 06:35:11.487156+00,"[{""line"":""transfer_800t"",""part_number"":""D98E7-SH503S""}]",null,0.023181818181818182,0.5,27402.73,[]
9c1b5cb8-2a54-420c-bc2f-510fccfce287,blanking,D98E7-SH504S-BL,2026-07-17 06:35:11.487156+00,"[{""line"":""transfer_800t"",""part_number"":""D98E7-SH504S-001""}]",null,0.023181818181818182,0.5,23940.25,[]
6e9dbac6-1dd8-4fd9-9150-11d36f751e22,pc200t,57771-VT020,2026-07-17 06:35:11.487156+00,[],null,0.20500000000000002,1,15359.45,[]
984b0373-cb95-446a-b7c8-73ffaf565071,transfer_800t,57838-0D010-001,2026-07-22 03:29:50.645646+00,[],null,null,1,7278.47,[]
d5333683-c871-4c8d-a221-8844032e5193,transfer_800t,57839-0D010-001,2026-07-22 03:29:50.645646+00,[],null,null,1,7278.47,[]
ce27ac73-341b-4679-b645-013bcbec4bde,transfer_800t,58176-0D010,2026-07-22 03:29:50.645646+00,[],null,null,1,11836.62,[]
e8818f78-67ef-4dee-b446-84b0aca823a6,pc200t,57772-VT020,2026-07-17 06:35:11.487156+00,[],null,0.20500000000000002,1,15359.45,[]
81a3af9f-35a5-4590-a071-1d19378ecd74,transfer_800t,61141-0D150-001,2026-07-22 03:29:50.645646+00,[],null,null,1,8512.2,[]
edcd98fb-0959-44ba-a01b-a8a0fe3e9602,transfer_800t,61142-0D150-001,2026-07-22 03:29:50.645646+00,[],null,null,1,8512.2,[]
009ac99b-1251-4636-9e3f-9ab6fc024004,transfer_800t,61147-0D050-001,2026-07-22 03:29:50.645646+00,[],null,null,1,2979.35,[]
eeca8973-9441-48f9-92aa-1fc9426e03a9,transfer_800t,61148-0D050-001,2026-07-22 03:29:50.645646+00,[],null,null,1,2979.35,[]
e0040c24-6e7f-4dee-b12d-ecdbe5fd9bd8,pc200t,58377-0D060,2026-07-17 06:35:11.487156+00,[],null,0.20500000000000002,1,10846.55,[]
9ba2b7b7-a708-4cc3-8e80-d7f0a0680eb9,pc200t,74U00-CN405S,2026-07-17 06:35:11.487156+00,[],null,0.20500000000000002,1,23826.42,[]
95de1388-6ca0-4cee-9acc-4d74199441fb,pc200t,74U50-CN405S,2026-07-17 06:35:11.487156+00,[],null,0.20500000000000002,1,28956.02,[]
e3a91186-133c-4826-99f0-5a9fa5095402,pc200t,74U50-SH404S-D,2026-08-04 03:46:50.342859+00,[],null,0.1,1,null,[]
cfc5358a-aafe-4176-ac17-8812e89abef7,pc200t,889FI-CN505S,2026-07-17 06:35:11.487156+00,[],null,0.405,1,20134.17,[]
438fbacf-c35a-4424-bb3d-32227c3cf236,pc200t,889FI-CN505S-D,2026-08-04 03:46:50.342859+00,[],null,0.1,1,null,[]
434ec6a2-3059-4be7-86ee-d75a2240c7b2,transfer_800t,61418-0D120,2026-07-22 03:29:50.645646+00,[],null,null,1,11312.93,[]
e5144100-3037-4159-af4d-e2c8bc53a182,transfer_800t,61517-0D170,2026-07-22 03:29:50.645646+00,[],null,null,1,9089.33,[]
997b5c49-06ea-4a29-b582-1cc7fea00a51,transfer_800t,61518-0D160,2026-07-22 03:29:50.645646+00,[],null,null,1,9089.33,[]
3b249a6d-4459-4470-8730-915841a25d0c,transfer_800t,61627-0D010-001,2026-07-22 03:29:50.645646+00,[],null,null,1,6412.79,[]
ba09941f-57a9-4798-aa50-46707e44b9c9,transfer_800t,61628-0D010-001,2026-07-22 03:29:50.645646+00,[],null,null,1,6412.79,[]
77fb9bb1-fba9-4d64-b8f2-5cb4a60d8072,transfer_800t,61747-0D010,2026-07-22 03:29:50.645646+00,[],null,null,1,7013.26,[]
38744038-480c-4710-8a22-b98c1f122744,transfer_800t,61748-0D010,2026-07-22 03:29:50.645646+00,[],null,null,1,7013.26,[]
561c9b2b-4c82-4a90-bcab-2592a3a45753,pc200t,889FI-SH803S-D-NEW,2026-08-04 03:46:50.342859+00,[],null,0.1,1,null,[]
72e05c7f-666a-42fb-9744-dcaca535d515,transfer_800t,63135-0D100,2026-07-22 03:29:50.645646+00,[],null,null,1,16627.24,[]
e8a5f579-60f7-42da-9852-517d73e6a2cf,transfer_800t,67118-0D020,2026-07-22 03:29:50.645646+00,[],null,null,1,6569.75,[]
cdee11c6-15a2-47f6-8ee2-b5171f8d7892,transfer_800t,67119-0D020,2026-07-22 03:29:50.645646+00,[],null,null,1,6569.75,[]
e2434124-a1f3-4b11-8a94-47a88164bc0a,pc200t,889FI-SH803S-NEW,2026-08-04 03:46:50.342859+00,[],null,0.20500000000000002,1,null,[]
88b1add5-0171-4a9d-a618-7f4a312a764f,transfer_2000t,58375-0D250-001,2026-07-17 06:35:11.487156+00,[],null,0.15636363636363637,1,81005.09,[]
4ce4ee7a-1bc4-4d4f-b758-d6964d3cc79e,transfer_800t,67177-0D010,2026-07-22 03:29:50.645646+00,[],null,null,1,12432.43,[]
0811847f-486c-4d93-82bc-3a3cbe23aee6,transfer_800t,67178-0D010,2026-07-22 03:29:50.645646+00,[],null,null,1,12432.43,[]
6631012e-8518-45db-9dcd-512652a9a40a,transfer_2000t,59311-74U00/U10-001,2026-07-17 06:35:11.487156+00,"[{""line"":""tandem"",""part_number"":""59311-74U00""},{""line"":""tandem"",""part_number"":""59311-74U10""}]",null,0.22,1,72124.48,[]
12471086-0a04-4437-b3be-be9274334a40,transfer_2000t,59321-74U00-001,2026-07-17 06:35:11.487156+00,[],null,0.15043478260869564,1,52330.34,[]
73015526-39e2-4727-bed8-8eac4fb9e2d7,transfer_800t,68325-0D010-001,2026-07-22 03:29:50.645646+00,[],null,null,1,4670.57,[]
e513df40-a72f-45fd-9efb-e2f43dd5c676,transfer_800t,68326-0D010-001,2026-07-22 03:29:50.645646+00,[],null,null,1,4670.57,[]
9980ea92-2b53-4baa-8033-77fc123847b4,transfer_2000t,59711-74U00-001,2026-07-17 06:35:11.487156+00,[],null,0.15043478260869564,1,26941.73,[]
e356d57e-c777-47df-bbb0-2d8cb47ef178,transfer_2000t,61121-0D220-001,2026-07-21 01:12:07.288115+00,[],null,0.07818181818181819,0.5,22265.62,[]
bfea3225-948b-47d2-b481-fc2f03ce89e8,transfer_2000t,61121-KK010-001,2026-07-17 06:35:11.487156+00,[],null,0.15636363636363637,1,35614.19,[]
e09a27b4-a397-437f-964b-86c079e9c8bd,transfer_2000t,61122-0D200-001,2026-07-17 06:35:11.487156+00,[],null,0.15636363636363637,1,60863.44,[]
1bfaa27b-ccc4-4118-911e-41da1a546ffe,transfer_2000t,61122-0D220-001,2026-07-21 01:12:07.288115+00,[],null,0.07818181818181819,0.5,22265.62,[]
85e3de28-e7d8-4e33-9522-f8db43ec3057,transfer_2000t,61122-KK010-001,2026-07-17 06:35:11.487156+00,[],null,0.15636363636363637,1,35614.19,[]
2414807c-5a69-4f26-860c-ccb6412c980c,transfer_2000t,61137-0D160-001,2026-07-21 01:12:07.288115+00,[],null,0.07818181818181819,0.5,20557.35,[]
2d2c15cf-ca23-4b90-8ce1-2b8185eea975,transfer_2000t,61137-KK010,2026-07-21 01:12:07.288115+00,[],null,0.07818181818181819,0.5,20448.68,[]
da46041e-d642-4fdf-acbd-0dc7ee60f181,transfer_2000t,61138-0D160-001,2026-07-21 01:12:07.288115+00,[],null,0.07818181818181819,0.5,20557.35,[]
bc0d4f79-7038-4c32-9832-2eb3f5f88775,transfer_2000t,61138-KK010,2026-07-21 01:12:07.288115+00,[],null,0.07818181818181819,0.5,20448.68,[]
cc5d67f5-dd26-4d5a-9faf-490653f58b84,transfer_2000t,61145-KK010,2026-07-21 01:12:07.288115+00,[],null,0.07818181818181819,0.5,11010.47,[]
8047cfb6-6012-4f6d-8674-e50ccbe36316,transfer_2000t,61146-KK010,2026-07-21 01:12:07.288115+00,[],null,0.07818181818181819,0.5,11010.47,[]
03834655-2a59-4882-992a-adfc92eb2531,transfer_2000t,61231-BZ370,2026-07-21 01:12:07.288115+00,[],null,0.06555555555555556,0.5,18463.07,[]
1ec233cc-e9f0-4d63-abc5-5ea3fb37c046,transfer_2000t,61232-BZ360,2026-07-21 01:12:07.288115+00,[],null,0.06555555555555556,0.5,18463.07,[]
00e6eff6-464d-47c6-bac5-9f7340ce3fce,transfer_2000t,61233-BZ140-001,2026-07-21 01:12:07.288115+00,[],null,0.07521739130434782,0.5,22522.89,[]
f02b7f89-353b-4d32-b9fe-49dbe28608bd,transfer_2000t,61234-BZ130-001,2026-07-21 01:12:07.288115+00,[],null,0.07521739130434782,0.5,22522.89,[]
cbf96630-8f6c-47e6-9e6d-1af827e01a7c,transfer_2000t,61327-BZ230-001,2026-07-17 06:35:11.487156+00,[],null,0.16285714285714287,1,76761.9,[]
78d4f856-089d-4528-aeb0-d7fe9437d1f5,transfer_2000t,61328-BZ240-001,2026-07-17 06:35:11.487156+00,[],null,0.16285714285714287,1,76761.9,[]
1e8c4277-bd0f-44d4-bd9f-a63ebbc6b614,transfer_2000t,61337-BZ140,2026-07-21 01:12:07.288115+00,[],null,0.07521739130434782,0.5,null,[]
593ce6b0-a80d-4830-86a3-bfa86d939866,transfer_2000t,61338-BZ120,2026-07-21 01:12:07.288115+00,[],null,0.07521739130434782,0.5,null,[]
81ea0e26-5f52-452c-bb07-07c2fa6b0d41,transfer_2000t,61343-0D230-001,2026-07-17 06:35:11.487156+00,[],null,0.15636363636363637,1,27709.54,[]
bcd0605b-9e27-4df0-b74c-f4f0c88d1ea3,transfer_2000t,61344-0D230-001,2026-07-17 06:35:11.487156+00,[],null,0.15636363636363637,1,27680.98,[]
f7c92bb4-8f8c-45ac-9f47-e208b03a9842,transfer_2000t,61433-0D330-001,2026-07-17 06:35:11.487156+00,[],null,0.15636363636363637,1,127239.51,[]
6920cd7b-76d4-445a-9a86-8d0816c3aeb5,transfer_2000t,61434-0D330-001,2026-07-17 06:35:11.487156+00,[],null,0.15636363636363637,1,127239.51,[]
fd0234a4-afb3-4337-90cf-663c4ef9440e,transfer_2000t,61671-0D080,2026-07-21 01:12:07.288115+00,[],null,0.07818181818181819,0.5,21370.5,[]
95af8d51-2cb4-4095-9555-86d76e182b6b,transfer_2000t,61672-0D080,2026-07-21 01:12:07.288115+00,[],null,0.07818181818181819,0.5,21370.5,[]
aaabeeb2-1fbe-48f5-b6c5-c6c8a4b5a825,transfer_2000t,67121-0D160,2026-07-21 01:12:07.288115+00,[],null,0.07818181818181819,0.5,22222.47,[]
f4ba2d1c-536f-45dc-8555-50fc52904297,transfer_2000t,67121-0D200,2026-07-21 01:12:07.288115+00,[],null,0.09333333333333332,0.5,8678.49,[]
fd10b928-f4b1-4a0f-8686-7b2dd41f6ef0,transfer_2000t,67122-0D160,2026-07-21 01:12:07.288115+00,[],null,0.07818181818181819,0.5,22222.47,[]
c6503ecc-3739-40b6-bffe-4fcf1c8423ca,transfer_2000t,67125-0D140,2026-07-21 01:12:07.288115+00,[],null,0.07818181818181819,0.5,7410.77,[]
053c0466-8cad-4437-a414-a74b868ff8f5,transfer_2000t,67125-0D190,2026-07-21 01:12:07.288115+00,[],null,0.085,0.5,7555.67,[]
bf75fa23-ec80-44e7-b73f-f1b62097f956,transfer_2000t,67126-0D140,2026-07-21 01:12:07.288115+00,[],null,0.07818181818181819,0.5,7410.77,[]
9189ed9e-5372-4f60-acd8-8c2d68fe8e34,transfer_2000t,67126-0D190,2026-07-21 01:12:07.288115+00,[],null,0.085,0.5,7555.67,[]
4ee807f7-b4e8-47bb-b4ee-00c4d709a88c,transfer_2000t,67151-0D150,2026-07-17 06:35:11.487156+00,[],null,0.14,1,66053.95,[]
b66bdd38-44ca-4752-a361-bb30ad0221ac,transfer_2000t,67152-0D150,2026-07-17 06:35:11.487156+00,[],null,0.14,1,66053.95,[]
29987761-0bcb-4a2a-83a5-4784c5cd9b04,transfer_2000t,67337-0D130,2026-07-21 01:12:07.288115+00,[],null,0.07818181818181819,0.5,32132.05,[]
b396876c-3366-4b30-9813-3651df37f232,transfer_2000t,67338-0D130-001,2026-07-21 01:12:07.288115+00,[],null,0.07818181818181819,0.5,32132.05,[]
ca2ba015-49eb-4edd-bbbb-943fc1fc720b,transfer_800t,53741-VT020-001,2026-07-17 06:35:11.487156+00,[],null,0.09717948717948717,1,20581.07,[]
fe7bf13a-52cf-46d9-a7b5-50f2138a1893,transfer_800t,53742-VT020-001,2026-07-17 06:35:11.487156+00,[],null,0.09717948717948717,1,20581.07,[]
e1126a97-da43-43d3-ae20-c3658ab963a8,transfer_800t,57315-VT020,2026-07-21 01:12:07.288115+00,[],null,0.048589743589743585,0.5,19764.73,[]
2a9cddd1-a44e-44f6-b047-f31deb3ddf4d,transfer_800t,57316-VT020,2026-07-21 01:12:07.288115+00,[],null,0.048589743589743585,0.5,19764.73,[]
09a86a73-8c10-4621-90b0-757bc9c8433e,transfer_800t,57621/2-VT020-001,2026-07-17 06:35:11.487156+00,"[{""line"":""tandem"",""part_number"":""57621/2-VT020""}]",null,0.11384615384615385,1,44849.79,[]
a994e94b-caf9-4960-9b46-91f31973486d,transfer_800t,57771-VT020-001,2026-07-17 06:35:11.487156+00,"[{""line"":""pc200t"",""part_number"":""57771-VT020""}]",null,0.09717948717948717,1,14603.89,[]
0e1ce8ba-b121-4ee0-8cfd-875cb19b6304,transfer_800t,57772-VT020-001,2026-07-17 06:35:11.487156+00,"[{""line"":""pc200t"",""part_number"":""57772-VT020""}]",null,0.09717948717948717,1,14603.89,[]
74656d05-9b47-420c-a7fa-efa1b4c274f4,transfer_800t,58377-0D060-001,2026-07-17 06:35:11.487156+00,"[{""line"":""pc200t"",""part_number"":""58377-0D060""}]",null,0.08527472527472527,1,10374.33,[]
05da606b-5ebe-4b8d-b258-ca221becc67a,transfer_800t,61161-0D170-001,2026-07-17 06:35:11.487156+00,[],null,0.09384615384615384,1,10780.75,[]
4db0ce20-b4a8-4a3f-94e8-51647ea77159,transfer_800t,61162-0D170-001,2026-07-17 06:35:11.487156+00,[],null,0.09384615384615384,1,10780.75,[]
58d5182b-c2a9-47da-ad2d-553400fb79eb,transfer_800t,61231-KK040-001,2026-07-17 06:35:11.487156+00,[],null,0.10080267558528427,1,24810.1,[]
863be8a5-0d9c-438c-9051-14689d4d3079,transfer_800t,61232-KK040-001,2026-07-17 06:35:11.487156+00,[],null,0.10080267558528427,1,24810.1,[]
201b7736-b288-4dbe-bc48-39f47524110f,transfer_800t,61233-KK010,2026-07-17 06:35:11.487156+00,[],null,0.09384615384615384,1,27149.44,[]
53bb26e8-202b-4450-98f2-653f28da80ec,transfer_800t,61234-KK010,2026-07-17 06:35:11.487156+00,[],null,0.09384615384615384,1,27149.44,[]
23aea162-a2f3-426b-85ad-841052206f2e,transfer_800t,63126-KK010,2026-07-17 06:35:11.487156+00,[],null,0.09384615384615384,1,25097.76,[]
03ca884b-e3a6-41f1-9da8-5b469fcd1e41,transfer_800t,67175-KK010,2026-07-21 01:12:07.288115+00,[],null,0.04692307692307692,0.5,13706.22,[]
90175465-6db2-41d7-a1c8-ac23d9d81069,transfer_800t,67176-KK010,2026-07-21 01:12:07.288115+00,[],null,0.04692307692307692,0.5,13706.22,[]
c5d76f5b-2aae-4dc4-91c3-87ab51dcb1fa,transfer_800t,67337-KK030,2026-07-21 01:12:07.288115+00,[],null,0.05040133779264214,0.5,3687.46,[]
99807825-00a1-4a04-bcc0-f87046c83257,transfer_800t,67338-KK030,2026-07-21 01:12:07.288115+00,[],null,0.05040133779264214,0.5,3687.46,[]
e432aeb9-f80b-43aa-bb52-558507aadadb,transfer_800t,74U00-CN405S,2026-08-04 03:46:50.342859+00,[],null,0.20500000000000002,1,null,[]
d5c3e218-04c6-4d1d-96d0-67f4effb4890,transfer_800t,74U00-CN405S-001,2026-07-17 06:35:11.487156+00,"[{""line"":""pc200t"",""part_number"":""74U00-CN405S""}]",null,0.11384615384615385,1,21061.08,[]
67517c06-9139-408a-8d23-16830564444a,transfer_800t,74U00-SH803S-001,2026-07-17 06:35:11.487156+00,"[{""line"":""tandem"",""part_number"":""74U00-SH803S""}]",null,0.10475524475524475,1,34925.31,[]
c66cf577-b2a1-4cb5-b35c-657d95fae97f,transfer_800t,74U00-SH804S-001,2026-07-17 06:35:11.487156+00,"[{""line"":""tandem"",""part_number"":""74U00-SH804S""}]",null,0.10475524475524475,1,34925.31,[]
7e621608-2381-49d5-8b8f-1ce57ca03240,transfer_800t,74U50-CN405S-001,2026-07-17 06:35:11.487156+00,"[{""line"":""pc200t"",""part_number"":""74U50-CN405S""}]",null,0.09717948717948717,1,26190.68,[]
5174e13a-a711-4fa2-8672-e98962209895,transfer_800t,74U50-SH407S/408S-001,2026-07-17 06:35:11.487156+00,"[{""line"":""tandem"",""part_number"":""74U50-SH407S/408S""}]",null,0.10475524475524475,1,22879.6,[]
63b86936-7b85-4a81-90ed-9a6eef584ed2,transfer_800t,889FI-CN505S-001,2026-07-17 06:35:11.487156+00,"[{""line"":""pc200t"",""part_number"":""889FI-CN505S""}]",null,0.10475524475524475,1,18710.61,[]
e0b9da8f-b8f6-42b8-9f17-0d25f85b476b,transfer_800t,889FI-SH803S-001-NEW,2026-08-04 03:46:50.342859+00,[],null,0.09384615384615384,1,null,[]
15f0610c-9731-4e45-bf1c-b49fbcdbcf01,transfer_800t,889FI-SH804S-001-NEW,2026-08-04 03:46:50.342859+00,[],null,0.09384615384615384,1,null,[]
cd438936-0fca-4c0e-825e-2e619a51ac86,transfer_800t,D73F0-CN010S-001,2026-07-17 06:35:11.487156+00,"[{""line"":""pc200t"",""part_number"":""D73F0-CN010S""}]",null,0.09384615384615384,1,13321.1,[]
37122e71-a9a8-4c3f-bfd2-286ff02f6b6b,transfer_800t,D98E7-CN505S-001,2026-07-17 06:35:11.487156+00,"[{""line"":""pc200t"",""part_number"":""D98E7-CN505S""}]",null,0.10080267558528427,1,22677.36,[]
4737d5e1-8943-4e75-bacc-c4d7cd3368f9,transfer_800t,D98E7-SH503S,2026-07-17 06:35:11.487156+00,[],null,0.09384615384615384,1,27793.05,[]
0a8148b9-76a6-44ce-9693-31b96864d82e,transfer_800t,D98E7-SH504S-001,2026-07-17 06:35:11.487156+00,"[{""line"":""pc200t"",""part_number"":""D98E7-SH504S""}]",null,0.09384615384615384,1,25265.79,[]
902e76b6-a200-4c32-915a-62d4a9c728e1,transfer_800t,889FI-SH803S-001,2026-07-17 06:35:11.487156+00,"[{""line"":""pc200t"",""part_number"":""889FI-SH803S""}]",null,0.09384615384615384,1,33043.58,[]
4fc5a6ab-d3e2-483f-b8ca-e5228e579ada,transfer_800t,889FI-SH804S-001,2026-07-17 06:35:11.487156+00,"[{""line"":""pc200t"",""part_number"":""889FI-SH804S""}]",null,0.09384615384615384,1,27198.78,[]