tanggal,eh_jam,wh_jam
2026-01-01,0.0,0.0
2026-01-02,0.0,0.0
2026-01-03,0.0,0.0
2026-01-04,0.0,0.0
2026-01-05,119.6021267868058,162.6
2026-01-06,170.50123417494262,259.7
2026-01-07,223.75178752802347,293.9
2026-01-08,229.92102262780855,281.18333333333334
2026-01-09,196.0466158896916,224.41666666666666
2026-01-10,78.30096392592593,96.01666666666667
2026-01-11,63.6758817987568,72.0
2026-01-12,153.75374969547124,237.5
2026-01-13,176.48469276879632,259.98333333333335
2026-01-14,250.79378788942535,296.54999999999995
2026-01-15,190.3579382705845,267.85
2026-01-16,66.16330440487692,86.26666666666667
2026-01-17,29.602357666666663,24.116666666666667
2026-01-18,0.0,0.0
2026-01-19,150.5656743884497,189.16666666666666
2026-01-20,225.793716543956,275.85
2026-01-21,212.7578468755206,261.66666666666663
2026-01-22,216.94123148097307,258.68333333333334
2026-01-23,188.43086287706015,235.35
2026-01-24,98.20555510178711,107.66666666666666
2026-01-25,5.217666666666666,24.01666666666667
2026-01-26,174.28848861407678,245.6166666666667
2026-01-27,214.46964020949255,275.0
2026-01-28,197.91964502872727,229.45000000000002
2026-01-29,190.07947391248047,250.95
2026-01-30,207.3143461644394,266.3666666666667
2026-01-31,101.25093475990677,103.5
2026-02-01,21.594966666666668,24.0
2026-02-02,194.96192480917793,249.0
2026-02-03,204.9769630213844,260.7
2026-02-04,186.13743036527484,238.03333333333333
2026-02-05,203.2027319047812,253.33333333333334
2026-02-06,204.42819933412966,246.53333333333333
2026-02-07,100.15672075291377,104.01666666666665
2026-02-08,17.349397777777778,26.883333333333333
2026-02-09,179.79107560601878,248.05
2026-02-10,250.92911910572997,289.03333333333336
2026-02-11,208.23359275093026,285.98333333333335
2026-02-12,216.01971191569908,275.9833333333333
2026-02-13,188.7539706811299,250.5
2026-02-14,104.2362212100267,136.0
2026-02-15,135.77241477119014,145.83333333333334
2026-02-16,197.32643313770367,245.03333333333333
2026-02-17,0.0,0.0
2026-02-18,214.0235613390829,257.26666666666665
2026-02-19,215.39388929242412,257.96666666666664
2026-02-20,192.9508803779119,228.71666666666667
2026-02-21,123.91942967838443,149.46666666666667
2026-02-22,1.0,16.0
2026-02-23,177.23384525161228,221.64999999999998
2026-02-24,205.84485460850493,261.0
2026-02-25,215.22310826620642,286.0333333333333
2026-02-26,187.5913400916957,223.48333333333335
2026-02-27,189.2169127663593,254.43333333333334
2026-02-28,2.5,40.0
2026-03-01,1.0,16.0
2026-03-02,241.2383437451269,285.45
2026-03-03,231.54715096951125,295.56666666666666
2026-03-04,252.8020248882438,324.48333333333335
2026-03-05,259.3347792042402,327.8
2026-03-06,228.66008216909023,278.48333333333335
2026-03-07,224.26342161295224,264.05
2026-03-08,123.6880961580207,153.16666666666666
2026-03-09,227.39058907828883,291.9
2026-03-10,227.0130985839764,296.0833333333333
2026-03-11,195.23910980439854,250.01666666666668
2026-03-12,218.5084278177249,275.01666666666665
2026-03-13,166.83991353598412,220.01666666666668
2026-03-14,181.60811916201436,224.01666666666668
2026-03-15,125.92161949773899,166.98333333333332
2026-03-16,209.7766956862236,266.48333333333335
2026-03-17,198.245505756818,242.56666666666666
2026-03-18,74.47233676758506,90.3
2026-03-19,0.0,0.0
2026-03-20,0.0,0.0
2026-03-21,0.0,0.0
2026-03-22,0.0,0.0
2026-03-23,0.0,0.0
2026-03-24,0.0,0.0
2026-03-25,0.0,0.0
2026-03-26,0.0,0.0
2026-03-27,0.0,0.0
2026-03-28,0.0,0.0
2026-03-29,21.816856256410258,14.733333333333333
2026-03-30,160.7740497172586,202.0
2026-03-31,178.85869262045682,223.49999999999997
2026-04-01,173.29170431833384,215.8166666666667
2026-04-02,224.99424749209567,275.53333333333336
2026-04-03,140.44992440140533,127.28333333333333
2026-04-04,1.5,24.0
2026-04-05,0.0,0.0
2026-04-06,178.20730405084288,257.9666666666667
2026-04-07,213.8942445595322,267.1
2026-04-08,193.97604690861314,268.49999999999994
2026-04-09,248.80904210561573,290.8333333333333
2026-04-10,210.2089200993853,261.4666666666667
2026-04-11,109.57971553172752,144.0
2026-04-12,0.0,0.0
2026-04-13,177.115995331723,252.58333333333331
2026-04-14,192.26012324804418,241.01666666666668
2026-04-15,217.26597805073345,260.0333333333333
2026-04-16,211.77914322116206,265.43333333333334
2026-04-17,203.00905178408306,251.61666666666667
2026-04-18,144.9920278317335,175.98333333333332
2026-04-19,0.0,0.0
2026-04-20,200.28551271261108,258.9666666666667
2026-04-21,241.00887027429576,285.18333333333334
2026-04-22,245.74940397017318,288.65
2026-04-23,245.94671266381604,297.0
2026-04-24,188.5814571020477,233.29999999999998
2026-04-25,64.94935958744637,71.1
2026-04-26,0.0,0.0
2026-04-27,156.93046416933066,228.3
2026-04-28,165.38822670280453,234.70000000000002
2026-04-29,178.77409713763376,236.98333333333332
2026-04-30,136.1157469787974,185.58333333333334
2026-05-01,0.0,0.0
2026-05-02,36.79163333333334,48.0
2026-05-03,13.913093333333332,18.166666666666664
2026-05-04,140.9130859741997,186.11666666666667
2026-05-05,148.44740890404603,217.49999999999997
2026-05-06,157.97922169836443,195.55
2026-05-07,169.31789652342343,214.26666666666665
2026-05-08,161.10294991337162,194.29999999999998
2026-05-09,0.0,0.0
2026-05-10,73.50941766298435,81.5
2026-05-11,139.4658474932459,206.26666666666665
2026-05-12,169.6226063837893,235.4333333333333
2026-05-13,161.95137844235234,193.95000000000002
2026-05-14,66.38886654545453,48.06666666666667
2026-05-15,174.16802417805135,206.73333333333332
2026-05-16,130.26269695361563,152.98333333333335
2026-05-17,38.22,42.36666666666667
2026-05-18,194.92238645146801,239.4666666666667
2026-05-19,133.42815332929388,184.36666666666667
2026-05-20,189.95199735154625,237.29999999999998
2026-05-21,163.17080755312557,215.53333333333336
2026-05-22,174.85634014474655,199.8
2026-05-23,41.60829125357089,64.75
2026-05-24,66.86806085399142,68.63333333333334
2026-05-25,167.98328536251913,207.68333333333334
2026-05-26,119.2435962258804,154.65
2026-05-27,0.0,0.0
2026-05-28,174.4829734900269,208.85
2026-05-29,166.65974800549697,204.71666666666667
2026-05-30,73.55222839530356,112.6
2026-05-31,56.53989938988548,56.16666666666667
2026-06-01,0.0,0.0
2026-06-02,133.86622917967537,195.6833333333333
2026-06-03,159.6860433111124,192.01666666666665
2026-06-04,136.91333152685718,190.2
2026-06-05,153.5608322206521,191.41666666666666
2026-06-06,77.72187522504306,99.11666666666666
2026-06-07,0.0,0.0
2026-06-08,163.96480244687194,208.51666666666668
2026-06-09,158.55925631448102,194.7
2026-06-10,143.69030591711586,178.21666666666667
2026-06-11,170.32029524951625,221.3166666666667
2026-06-12,142.41903157993696,190.85
2026-06-13,81.79738190045703,102.51666666666667
2026-06-14,105.08764951352995,91.15
2026-06-15,162.2255687711378,189.01666666666665
2026-06-16,0.0,0.0
2026-06-17,141.36059457273808,192.08333333333334
2026-06-18,159.0125587237014,199.03333333333333
2026-06-19,168.24292851722353,208.66666666666666
2026-06-20,74.23665860615708,126.03333333333335
2026-06-21,51.73660801864801,63.28333333333333
2026-06-22,192.62782017228176,227.78333333333336
2026-06-23,179.58723224704278,222.95
2026-06-24,170.1972054163557,209.03333333333333
2026-06-25,152.32287115399816,185.28333333333333
2026-06-26,176.80506096019838,208.31666666666666
2026-06-27,56.82655222610723,70.83333333333334
2026-06-28,52.92881235897436,33.93333333333334
2026-06-29,132.5068089766562,192.23333333333332
2026-06-30,130.62393599367618,164.01666666666668
2026-07-01,154.97643079047998,189.03333333333333
2026-07-02,162.0764241985719,221.6833333333333
2026-07-03,143.41317593277324,181.46666666666667
2026-07-04,64.47732471173272,62.483333333333334
2026-07-05,15.629322913405431,22.400000000000002
2026-07-06,160.34044216684924,207.18333333333334
2026-07-07,182.0498545928563,243.45
2026-07-08,196.38981786795802,239.05
2026-07-09,166.82217166651702,231.91666666666666
2026-07-10,156.27033088221202,208.48333333333335
2026-07-11,87.71455695786177,96.0
2026-07-12,36.68959190831391,32.36666666666667
2026-07-13,181.29566455940594,209.71666666666664
2026-07-14,167.1057015193791,192.33333333333331
2026-07-15,153.43504544780015,207.6166666666667
2026-07-16,193.66239761779119,242.01666666666668
2026-07-17,156.664420680059,207.01666666666665
2026-07-18,42.10293333333333,46.38333333333333
2026-07-19,0.0,0.0
2026-07-20,167.85616774760743,237.56666666666666
2026-07-21,165.0118657341064,228.09999999999997
2026-07-22,182.07901755525145,221.53333333333333
2026-07-23,179.1955266066123,223.06666666666666
2026-07-24,146.56717641723648,201.45
2026-07-25,45.66720167814794,56.0
2026-07-26,11.75865999999998,9.033333333333333
2026-07-27,199.3393041154948,251.10000000000002
2026-07-28,181.7605949835277,225.20000000000002
2026-07-29,188.8563863830822,203.86666666666667
2026-07-30,166.01404273212296,202.25000000000003
2026-07-31,135.06046621062347,141.50000000000003
2026-08-02,67.114,
2026-08-03,137.063,