id,tahun,bulan,scrap_value_kidr,total_value_kidr,target_rasio,created_at
04ba8de2-9b55-4bf2-a4c5-1750cb2594e3,2026,8,0.0,0,,2026-07-22 03:30:08.878898+00
078935cc-fce2-4c33-90c8-bba5dd7d8172,2024,2,83959.873,13315837.032,0.0065,2026-07-22 03:30:08.878898+00
0e71eb1b-3c75-4d56-b649-a9d556686cc2,2025,10,82703.22,16792508.619,0.0065,2026-07-22 03:30:08.878898+00
0ed1fc14-c922-4416-a136-870f4e2b4e07,2024,3,97696.628,15892826.807,0.0065,2026-07-22 03:30:08.878898+00
11b57e9f-dea2-4729-ac7e-883cad4e4707,2026,9,0.0,0,,2026-07-22 03:30:08.878898+00
12c10651-5b18-45ec-9fad-a72fd4af1cba,2025,8,84962.719,15764058.376,0.0065,2026-07-22 03:30:08.878898+00
131b893a-7005-4b71-8be9-f50a107702e5,2026,3,37695.968,8959328.312,0.0065,2026-07-22 03:30:08.878898+00
236f8650-a2a0-4bed-94de-1432648cba63,2025,5,70476.755,13368067.12,0.0065,2026-07-22 03:30:08.878898+00
31740b49-56d0-42dc-9f29-45a8876d74bf,2024,9,75427.024,13072204.054,0.0065,2026-07-22 03:30:08.878898+00
388b664f-5610-4eb2-a620-2b14635b1a7c,2024,1,92408.424,15440509.525,0.0065,2026-07-22 03:30:08.878898+00
38d46302-15da-4c05-8269-a7a0ca6ce4d8,2023,8,94736.78,13373100.818,0.0065,2026-07-22 03:30:08.878898+00
3a50ee6b-29fa-44f9-baed-dfb206815c07,2026,2,58182.602,13718817.954,0.0065,2026-07-22 03:30:08.878898+00
3c3105ea-f521-4e38-8af4-e6441aff1d24,2024,10,99170.076,15280241.248,0.0065,2026-07-22 03:30:08.878898+00
477b175f-23e2-413a-aae8-e3fa9dec1d6f,2023,5,64276.212,8893769.018,0.0065,2026-07-22 03:30:08.878898+00
484bbe11-3ad5-445f-a5c1-0100cc43f612,2025,3,70410.714,12909900.898,0.0065,2026-07-22 03:30:08.878898+00
4b8b101f-c094-4ecc-b50d-673c27acce5c,2027,2,0.0,0,,2026-07-22 03:30:08.878898+00
50930a2a-9859-4228-9a59-49c0f529220a,2025,4,52348.529,9516727.135,0.0065,2026-07-22 03:30:08.878898+00
53b73e63-bd8a-4728-bba5-e61e51e2349f,2025,2,44172.951,6036294.461,0.0065,2026-07-22 03:30:08.878898+00
633b11b1-a542-4a2e-b0ea-fff81fc9cd11,2023,10,101822.413,15765096.072,0.0065,2026-07-22 03:30:08.878898+00
64ac6a03-1b51-4378-b76f-1615ede9c3a6,2025,7,91635.34,17294179.03,0.0065,2026-07-22 03:30:08.878898+00
68f500a9-1cee-418a-bfdb-651682bd0d88,2024,5,60933.91,10108466.5,0.0065,2026-07-22 03:30:08.878898+00
6e7dca61-89dd-4a9c-b042-1b0e9715fb03,2024,7,93366.03,16014855.092,0.0065,2026-07-22 03:30:08.878898+00
6ec08d88-d0b6-4653-83ce-ee9945b2201d,2026,4,62812.012,14717256.926,0.0046,2026-07-22 03:30:08.878898+00
84240449-63e8-4d75-b436-d60e7ce2bbf8,2025,1,88720.85,12137523.354,0.0065,2026-07-22 03:30:08.878898+00
845e87e6-f976-4039-9013-a5ad9aff22ec,2024,8,70001.858,11539409.546,0.0065,2026-07-22 03:30:08.878898+00
86a7e2fa-3b1a-4962-9bfe-e664904d2272,2025,12,64289.717,15080057.971,0.0065,2026-07-22 03:30:08.878898+00
8976d545-23f8-4da3-8fb4-8711af9093d7,2026,7,0,0,,2026-07-22 03:30:08.878898+00
8d6aa0d3-d418-4b2c-9889-84c6f4ef24d4,2026,11,0.0,0,,2026-07-22 03:30:08.878898+00
935b44e6-1fd4-432f-964b-fe974038b016,2026,12,0.0,0,,2026-07-22 03:30:08.878898+00
a430d37a-4bd8-43a6-8e09-9f979a59de89,2024,11,100905.271,14156751.313,0.0065,2026-07-22 03:30:08.878898+00
a5a59165-9122-4896-b0bc-3daa8c5baaab,2023,12,94686.255,15299718.089,0.0065,2026-07-22 03:30:08.878898+00
addeb8dd-8820-4ffd-9d19-12b1537d509c,2026,1,68939.858,18775125.477,0.0065,2026-07-22 03:30:08.878898+00
b1bde39a-0f24-4f5f-8e98-f1e9c22beac2,2023,6,84605.252,14136585.445,0.0065,2026-07-22 03:30:08.878898+00
b5736a99-b108-4d74-925c-ffd89c1f7fbb,2024,6,100775.106,16241226.07,0.0065,2026-07-22 03:30:08.878898+00
baa77bd2-99f9-44e1-8b6d-1386782c9f1a,2025,6,75053.092,14024076.92,0.0065,2026-07-22 03:30:08.878898+00
bd79c2ad-9a89-48b8-9eff-bc3260b024f8,2023,9,100460.147,14659284.268,0.0065,2026-07-22 03:30:08.878898+00
be5facf9-2de8-48da-8619-c74c8dfec471,2023,7,76780.704,11242540.106,0.0065,2026-07-22 03:30:08.878898+00
c0b84bb7-d1e9-420b-a904-47533641f2a4,2024,4,102327.39,16571989.482,0.0065,2026-07-22 03:30:08.878898+00
c1a3ecf6-a124-4bee-8bc7-ca1a11b45498,2026,10,0.0,0,,2026-07-22 03:30:08.878898+00
c92153f7-b0bd-4721-8d6d-0c770c2000af,2026,6,50636.311,10909105.437,0.0046,2026-07-22 03:30:08.878898+00
cf591783-38f5-4d3e-bb7b-f135d5898428,2024,12,98675.392,15121689.735,0.0065,2026-07-22 03:30:08.878898+00
d358e52b-e7f8-4b40-9d0a-0f5bcb58fc31,2027,3,0.0,0,,2026-07-22 03:30:08.878898+00
d444ca75-4aee-419a-acd5-78b5f8891bda,2023,11,84845.838,12449440.958,0.0065,2026-07-22 03:30:08.878898+00
d749acca-4d33-4cda-87e4-bc36a8a7038b,2025,11,63275.845,13079976.876,0.0065,2026-07-22 03:30:08.878898+00
ee276fd7-a69a-41b1-ac02-1cd18a3d6e97,2025,9,84412.051,15223987.275,0.0065,2026-07-22 03:30:08.878898+00
f3d5866d-ffd7-4c4b-a7e4-800ce446cb6f,2026,5,46923.763,10467986.444,0.0046,2026-07-22 03:30:08.878898+00
f59fc0a2-aee5-46db-99fb-7638d67ebde9,2023,4,84729.994,13100842.355,0.0065,2026-07-22 03:30:08.878898+00
f7d936fa-84ad-4d70-bcf9-978439f05978,2027,1,0.0,0,,2026-07-22 03:30:08.878898+00